title,jobId,currency,jobUploaded,companyName,tagsAndSkills,experience,salary,location,companyId,ReviewsCount,AggregateRating,jobDescription,minimumSalary,maximumSalary,minimumExperience,maximumExperience
Zonal Manager - Affordable Housing,260925918114,INR,7 Days Ago,Bajaj Finance,"Sales,Databases,Development,Talent Management,Data,Management,Due Diligence,Operations",14-15 Yrs,Not disclosed,Pune,122,8015.0,3.9,"Required Qualifications and Experience <br><br>Work Experience<br><br>Relevant Experience of 14-15 Years,out of which 5-6 year of experience in LAP / Secured Loans",0.0,0.0,14.0,15.0
Management trainee collections,280825011954,INR,8 Days Ago,Genpact,"joining formalities,accounts receivable,orientation,accounts payable,hr generalist activities,sap,employee relations,gts",3-7 Yrs,Not disclosed,Jaipur,30975,38095.0,3.7,"<p><strong>Ready to shape the future of work? </strong></p><p><strong>
</strong>At Genpact, we don’t just adapt to change—we drive it. AI and digital innovation are redefining industries, and we’re leading the charge. Genpact’s AI Gigafactory, our industry-first accelerator, is an example of how we’re scaling advanced technology solutions to help global enterprises work smarter, grow faster, and transform at scale. From large-scale models to agentic AI, our breakthrough solutions tackle companies’ most complex challenges. </p><p>If you thrive in a fast-moving, tech-driven environment, love solving real-world problems, and want to be part of a team that’s shaping the future, this is your moment. </p><p>Genpact (NYSE: G) is anadvanced technology services and solutions company that deliverslastingvalue for leading enterprisesglobally.Through ourdeep business knowledge, operational excellence, and cutting-edge solutions – we help companies across industries get ahead and stay ahead.Powered by curiosity, courage, and innovation,our teamsimplementdata, technology, and AItocreate tomorrow, today.</p><p><strong>We are inviting applications for the role of MT, Collections! </strong></p><p>
In this role, you will be responsible to perform day-to-day operations while maintaining SLA. Solving queries related to cash application and coordinating with customer. The individual must be an active contributor towards the overall objective of the project. We are looking for some who should be open to work in any shift as per the business requirement.</p><p>
<strong>Responsibilities</strong></p><p><strong>
</strong>•    Collection on past due invoices & invalid deductions on allocated portfolios via Email, phone calls etc.
•    Respond to email /phone queries on disputed invoice
•    Research and analyze the disputes/deductions in ERP
•    Follow-up with various departments to get supporting documents/ info for dispute/deductions resolution
•    Find opportunities and recommend solutions for process and automation improvements
•    Daily reporting of individual portfolios to supervise and supervise the past dues
•    Implement collections strategy to reduce the past due Research and resolve issues in a manner to expedite all cases in order to avoid any adverse customer impact
•    Work as a standout colleague to process any ADHOC request in a timely manner.
•    Deliver quality customer service by researching and responding to all internal & external partners inquiries quickly, effectively and professionally.
•    Raise problems to senior staff members and or management as appropriate.</p><p>
<strong>Qualifications</strong>
Minimum qualifications
•    Any Graduate
•    Proven experience
•    Strong Communication Skills (verbal and written)
•    Knowledge of SAP</p><p>
<strong>Preferred qualifications </strong></p><p><strong>
</strong>•    Good customer handling skills
•    High Energy level</p><p>
<strong>Why join Genpact? </strong></p><p><strong>
</strong>• Be a transformation leader – Work at the cutting edge of AI, automation, and digital innovation  
• Make an impact – Drive change for global enterprises and solve business challenges that matter 
• Accelerate your career — Get hands-on experience, mentorship, and continuous learning opportunities  
• Work with the best – Join 140,000+ bold thinkers and problem-solvers who push boundaries every day  
• Thrive in a values-driven culture – Our courage, curiosity, and incisiveness - built on a foundation of integrity and inclusion - allow your ideas to fuel progress </p><p> 
Come join the tech shapers and growth makers at Genpact and take your career in the only direction that matters: Up. 
Let’s build tomorrow together.</p><p>Genpact is an Equal Opportunity Employer and considers applicants for all positions without regard to race, color, religion or belief, sex, age, national origin, citizenship status, marital status, military/veteran status, genetic information, sexual orientation, gender identity, physical or mental disability or any other characteristic protected by applicable laws. Genpact is committed to creating a dynamic work environment that values respect and integrity, customer focus, and innovation.
Furthermore, please do note that Genpact does not charge fees to process job applications and applicants are not required to pay to participate in our hiring process in any other way. Examples of such scams include purchasing a 'starter kit,' paying to apply, or purchasing equipment or training.</p>",0.0,0.0,3.0,7.0
Senior C # Developer,300925029858,INR,3 Days Ago,Katapie Consulting Services,"C Hash,Motion Control,Opencv,Image Processing,Python,Messaging Systems,GUI,Motion",6-9 Yrs,20-30 Lacs PA,Remote,125133963,,,"Requires expertise in C# & Python , handling motion control, image processing, and hardware. Must manage actor-based frameworks, GUI (SciChart), and real-time system integration. Requires to coordinate with customer.",2000000.0,3000000.0,6.0,9.0
Machine Shop Electrical Maintenance,240925506188,INR,9 Days Ago,Happy Forging,"Electrical drawing,Air compressor,Basic,PLC,Programming,Siemens,Machine shop,Electrical maintenance",4-7 Yrs,Not disclosed,Ludhiana,124534690,136.0,3.7,"<li> <span> <i> </i> </span> <span> Troubleshooting on HMC, VMC, CNC (Fanuc/ Siemens/ Rexroth) </span> </li> <li> <span> <i> </i> </span> <span> Electrical Drawing/ Circuit basic knowledge </span> </li> <li> <span> <i> </i> </span> <span> PLC Modification and programming </span> </li> <li> <span> <i> </i> </span> <span> Preventive Maintenance </span> </li> <li> <span> <i> </i> </span> <span> Air compressor and dryers </span> </li> <li> <span> <i> </i> </span> <span> Repair work of scales, scanners and equipments </span> </li> <ul> </ul> <div> </div> <div> </div> <div> </div> <div> </div> <div> </div>",0.0,0.0,4.0,7.0
Store Manager,300925030778,INR,2 Days Ago,Suvidha Placements,"Stores,Store Operations,consumable,Inventory Management,Steel and iron plant,Steel,Plant,Store management",12-16 Yrs,5-7 Lacs PA,"Barjora, Durgapur",85003,,,"Managing stores of consumable and store items of steel company
Under stand the need of plan and mange the inventory 
Manage team of store executive 

Connect to 9830733383 , send cv to profile@suvidhajobs.inPrior experience of stores of steel company at managerial level
Should know different store items of plant like machanical and electrical
Computer knowledge",500000.0,700000.0,12.0,16.0
IT Service Management Representative,31025913792,INR,Just Now,Accenture,"service management,itil framework,infrastructure management services,incident management,itil,operational support,project management,it services",1-3 Yrs,Not disclosed,Pune,27117,66726.0,3.7,"<br /> <br /><br /><b>Project Role :</b>IT Service Management Representative<br /><br /><b>Project Role Description :</b>Manage delivery for IT production systems and services. Support the infrastructure service management lifecycle, ensuring client satisfaction and management of risk to services. Provide operational support, ensuring production systems and devices are online and available.<br /><br /><b>Must have skills :</b>Infrastructure Service Management<br /><br /><b>Good to have skills :</b>NAMinimum<br /><br /><b>5</b> year(s) of experience is required<br /><br /><b>Educational Qualification :</b>15 years full time education<br /><br /><b>Summary</b>:As an IT Service Management Representative, you will manage the delivery of IT production systems and services. A typical day involves overseeing the infrastructure service management lifecycle, ensuring that client satisfaction is prioritized while effectively managing risks associated with services. You will provide operational support to guarantee that production systems and devices remain online and available, contributing to the overall efficiency and reliability of IT services. Roles & Responsibilities:- Expected to be an SME.- Collaborate and manage the team to perform.- Responsible for team decisions.- Engage with multiple teams and contribute on key decisions.- Provide solutions to problems for their immediate team and across multiple teams.- Facilitate training and knowledge sharing sessions to enhance team capabilities.- Monitor service performance metrics and implement improvements as necessary. Professional & Technical <br /><br /><b>Skills:</b><li>- <br /><br />Must To Have <br /><br /><b>Skills:</b></li><li>Proficiency in Infrastructure Service Management.- Strong understanding of ITIL framework and best practices.- Experience with incident management and problem resolution processes.- Familiarity with service level agreements and performance metrics.- Ability to utilize monitoring tools for system performance analysis. <br /><br />Additional Information:- The candidate should have minimum 5 years of experience in Infrastructure Service Management.- This position is based at our Pune office.- A 15 years full time education is required.<br /><b> Qualification</b> 15 years full time education</li>",0.0,0.0,1.0,3.0
Territory Sales Executive/Sr. Executives,300925916728,INR,3 Days Ago,Satyam Consulting Services,"Territory Sales,B2C sales,marketing activities,Sales,product campaigns,relationship management,sales promotions,market dynamics",2-7 Yrs,Not disclosed,Chennai,3801018,,,"Manage and grow relationships with dealers, distributors, and channel partners. Drive B2C sales through effective dealer/distributor engagement. Execute sales strategies, promotions, and campaigns to achieve business targets.Monitor competitor activities, market trends, and provide feedback to management. Ensure achievement of sales targets and timely collection of payments.",0.0,0.0,2.0,7.0
Application Tech Support Practitioner,290925923788,INR,4 Days Ago,Accenture,"client relationship management,service desk,service desk management,incident management,voice support,international bpo,customer service,customer support",0-2 Yrs,Not disclosed,Pune,27117,66726.0,3.7,"Educational Qualification : 15 years full time education. Summary :As an Application Tech Support Practitioner,you will serve as a vital link between clients and the systems or applications they utilize<br><br> Must have skills : Service Desk Management,Service Desk Voice Support<br><br>Skills:  - . Must To Have . <br><br>Skills: Proficiency in Service Desk Management.- Good To Have .",0.0,0.0,0.0,2.0
"Sr Executive, Product Surveillance",300925502575,INR,3 Days Ago,Vantive,"Due diligence,Regulatory reporting,Senior Executive,Finance,Focus,CMS,Investigation,Management",2-5 Yrs,Not disclosed,Gurugram,124651394,92.0,4.6,"<div> </div> <div> </div> <ul> <li> Daily review of the open complaints to ensure on-time complaint closure meeting KPIs </li> <li> Coordinating with country Quality team for updating Due Diligence information, updates of Complaint Management System (CMS) for sample tracking details, customer letters. If required, coordinate with Mfg. sites for timely investigation. </li> <li> Review of the complaints to ensure it meets procedural requirements. </li> <li> Log in complaints in Trackwise- Complaint Management System (CMS) when needed within defined timelines and processing till final closure. </li> <li> Coordination with Quality Engineers and Technical Service team for Service-related complaints. </li> <li> Evaluating complaints to determine regulatory reporting applicability. </li> <li> Providing support for the preparation of Management Reviews from complaints perspective. </li> <li> Supporting country team and manufacturing team with requested complaint data and reports. </li> <li> Preparing and sharing weekly reports for APAC complaints and pending Due Diligence </li> </ul> <div> </div> <div> </div> <div> </div> <div> </div> <div> <br /> <br /> </div>",0.0,0.0,2.0,5.0
Manager Formulation development,230925506445,INR,10 Days Ago,Purplle.com,"pharmaceutical,npd,personal care,skin care,product development,regulatory,hair care,cosmetics",3-7 Yrs,Not disclosed,Mumbai,2254412,388.0,3.6,"Beyond hosting third-party brands,Purplle has successfully scaled its own D2C powerhouses?FACES CANADA,Good Vibes,Carmesi,Purplle,and NY Bae?offering trend-driven,high-quality beauty essentials. What sets Purplle apart is its technology driven hyper-personalized shopping experience",0.0,0.0,3.0,7.0
Medical Representative,290825007631,INR,4 Days Ago,Emcure,"MR,Pharma Selling,Pharma Marketing,Pharmaceutical Sales,Selling,Pharmaceutical,Medical,Marketing",2-7 Yrs,1-4 Lacs PA,"Visakhapatnam, Hyderabad(HITEC City +3), Bengaluru(Koramangala)",16156,2207.0,3.7,"Eligibility Criteria: B Sc/ B Pharma/ B Com with 1 to 3 years of Pharma Experience in respective therapy.  . Age: Upto 30 years<br><br>Maintain good Relationship with Doctors,Chemist,Stockist and meeting sales goals",100000.0,400000.0,2.0,7.0
Human Resource Recruiter,290925024440,INR,4 Days Ago,The Career Next,"Recruitment,BPO Hiring,IT Recruitment,Non IT Recruitment,Executive Hiring,End To End Recruitment,Bpo Recruitment,Job Posting",0-5 Yrs,1-6 Lacs PA,Remote,5374286,,,Hiring for HR Recruiter profile,100000.0,600000.0,0.0,5.0
Java Full Stack Developer,230925930190,INR,10 Days Ago,Purview India Consulting And  Services  Llp,"Java,Hibernate / Jpa,Spring Boot,Fullstack Development,React.Js,Spring Mvc,Design Patterns,Github",6-11 Yrs,Not disclosed,Hybrid - Mawal,2941692,,,"<p><strong>Experience</strong>:- <strong><em>6yrs to 15yrs</em></strong></p><br /><p><strong>In this role, you will:-</strong></p><p><strong>(Principal Responsibilities)</strong></p><br /><ul><li>Ability to work under pressure and manage own time, ability to work on own or as part of a team.</li><li>Experience of working within multi-site teams, cultivates a collaborative and cooperative attitude across different work cultures</li><li>Working knowledge of Source code repository tool GitHub, Jenkins , Ansible </li><li>Excellent communication and interpersonal skills (written and spoken)  comfortable with detail.</li></ul><br /><p><strong>To be successful in this role, you should meet the following requirements:-</strong></p><p><strong>(Must have Requirements)</strong></p><br /><ul><li>Very Strong work experience of in <strong>Java, Spring , Spring boot microservices, Hibernate , Oracle</strong></li><li>Good to have Angular, <strong>React </strong>exp.</li><li>Working experience of all layers/tiers of the project from Front End development through Back End database design i.e. <strong>full stack developer</strong>.</li><li>Experience in all phases in the Development Life Cycle, very strong working experience and expertise of <strong>Java, Micro Services, Java based framework like Spring, Hibernate </strong>etc.</li><li>Experience of writing complex SQL queries with knowledge do SQL tuning.</li><li>Strong working experience and expertise of Application Servers like <strong>WAS / Tomcat / JBoss</strong> etc.</li><li>Very good understanding of <strong>architecture and design patterns</strong> used for Web Application Framework.</li><li>Experience with formal release procedures and source control.</li><li>Have fair understanding of Architecture and Design requirements for building Cloud Native      Application.</li></ul><br /><p><strong>The successful candidate will also meet the following requirements:-</strong></p><p><strong>(Good to have Requirements)</strong></p><br /><ul><li>Ability to prioritize work to successfully deliver service to agreed levels in a diverse and constantly changing environment.</li><li>Effectively co-ordinate delivery of services involving elements delivered by other      internal/external teams.</li><li>Strong customer focus, Excellent communication, and interpersonal skills.</li><li>Knowledge of Production Support processes and procedures.</li><li>Strong process implementation, experience of using IT systems & reporting tools, Ability to multi-task efficiently and as part of a Global virtual team across multiple regions.</li><li>Exposure / Knowledge of in Agile/DevOps environment.</li><li>Knowledge of Banking Domain, Familiarity with Incident / Problem / Change and Release Management procedures. </li></ul><br /><br />",0.0,0.0,6.0,11.0
Quality Engineer (Tester),230925916663,INR,10 Days Ago,Accenture,"software testing,performance testing,automation testing,load testing,testing methodologies,python,manual testing,test management tool",2-4 Yrs,Not disclosed,Bengaluru,27117,66727.0,3.7,"Minimum . 2 year(s) of experience is required. Educational Qualification : 15 years full time education. Summary :As a Quality Engineer,you will enable full stack solutions through multi-disciplinary team planning and ecosystem integration to accelerate delivery and drive quality across the application lifecycle<br><br>Skills:  - . Must To Have .",0.0,0.0,2.0,4.0
Lead Administrator,240925910193,INR,9 Days Ago,Wipro,"vmware,brocade,commvault,srdf,emc storage,kubernetes,python,data domain",5-8 Yrs,Not disclosed,Pune,1384,59857.0,3.7,"Experience in using Python API Development (FastAPI),Ansible / AAP,Docker,Kubernetes,Shell Scripting to be able to implement storage automation and as-a-service offerings",0.0,0.0,5.0,8.0
Full-Stack Developer- fresher,300925013487,INR,3 Days Ago,ti Steps,"CSS,Javascript,HTML,Node.Js,Framework,OOPS,Full Stack,Development",0-1 Yrs,2-3 Lacs PA,"Hyderabad, Chennai, Bengaluru",123572775,16.0,4.3,"As a fresher,you will work on both front-end and back-end development tasks under the guidance of senior developers. Key Responsibilities:  .",200000.0,300000.0,0.0,1.0
BPO Hiring For UK Voice Process - 25K Per Month GGN,31025002200,INR,Today,Smart Source,"B.COM,Intermediate,Graduate,Post,B.A.,BBA,BHM,BBM",0-4 Yrs,"50,000-3 Lacs PA",Gurgaon/Gurugram,1368656,,,"BPO Hiring For International UK Voice Process 25K Per Month - Gurugram

Grad/UG  Fresher - 18K
With Experience Any Domain 25K
No BE/Btech

24/7 
5 Day 
Cabs

Call Dipankar@ 9650094552 

Email CV@ jobsatsmartsource@gmail.com",50000.0,300000.0,0.0,4.0
Digital Content Management Sr Analyst,290925923771,INR,4 Days Ago,Accenture,"premiere pro,adobe creative suite,offset printing,animation,digital marketing,css,aftereffects,motion graphics",5-8 Yrs,Not disclosed,Mumbai,27117,66726.0,3.7,"Qualifications: Any Graduation <br><br> offer graphic solutions that support the project requirements or constraints.Creates a Visual Approach document as requested by a supervisor,including graphic proposals,animations and prototypes.Oversees and assists in issue resolution by utilizing all support resources available.  . Qualification . Any Graduation",0.0,0.0,5.0,8.0
Decision Maker,230925935873,INR,10 Days Ago,Eurofins,"customer relationship,consumer products,relationship management,decision making,crm,supply chain,quality control,training",4-6 Yrs,Not disclosed,Faridabad,891154,162.0,3.2,"Whether you are in the food,consumer products,healthcare,or cosmetics industries,we offer a full range of services including product inspection,auditing,certification,training,and consultation<br><br>Demonstrated knowledge of: the certification bodys procedures <br><br> Additional Information . Good at operating Analytical Tools",0.0,0.0,4.0,6.0
AV Technician,240925507013,INR,9 Days Ago,Lexicon Computers,"AV Technician,AV",1-4 Yrs,Not disclosed,"Bhopal, Mumbai, Hyderabad, New Delhi, Chennai, Bengaluru",4971476,4.0,1.0,Disclaimer : This job description has been sourced from a public domain and may have been modified by Naukri,0.0,0.0,1.0,4.0
Opportunity in Top MNC For Facility Management in Chandigarh location,250925036940,INR,8 Days Ago,Enrich And Enlight Business Consulting,"reports,Vendor Management,invoice processing,Facility Management,Vendor,Invoicing,Processing,Management",2-4 Yrs,Not disclosed,Chandigarh,575291,,,"Flexibility to work in 24x7 shifts <br><br> identify & minimize potential challenges and shortcomings to ensure maximum employee satisfaction<br><br>Ensure end to end Client / Compliance/Process / Certification Audits,BCP activities,Fire Drill <br><br>Minimum <br><br>Maximum <br><br> 3-4 years. minimum Relevant <br><br>Skills / Experience Required <br><br> Must haves. .",0.0,0.0,2.0,4.0
Senior Analytics Specialist,290925501865,INR,4 Days Ago,Swiss Re,"python,hypothesis testing,scikit-learn,data mining,business solutions,pyspark,machine learning,analysis",6-11 Yrs,Not disclosed,Bengaluru,1974684,307.0,3.9,"Minimum qualifications:  . Bachelors,Master s or PHD in Statistics,Mathematics,Data Science,Computer Science or a related quantitative field<br><br> . A drive to learn and master new technologies and techniques<br><br>Experience with data preprocessing,feature engineering,and data wrangling techniques",0.0,0.0,6.0,11.0
Chargebacks manager - Paypal & Stripe,31025012520,INR,Few Hours Ago,High Street Essentials,"Chargeback,Fraud Management,Dispute Management,Fraud,Management,Stripe",2-5 Yrs,4-6 Lacs PA,Noida,758225,147.0,3.8,Document cases and maintain accurate records of interactions in CRM tools.  . Identify patterns and report trends to senior management to improve customer experience.  . Escalate unresolved issues and coordinate with third-party payment providers,400000.0,600000.0,2.0,5.0
Office Executive at Jhansi (May 25),210225908269,INR,Today,Siddhast Intellectual Property Innovations,"Interpersonal Skills,Event Planning,Multitasking,Computer Skills,Verbal Communication,Office Coordination,Transport Operations,Office Assistance",0-5 Yrs,"90,000-1.75 Lacs PA",Jhansi,1038052,,,"responsible for entire Secretarial duties, manage files, and should have proper knowledge of Computer operation. with knowledge on writing letters, candidate should know to drive two wheeler, office timing 9:30 to 7:30candidate done there schooling from English medium school, having science background, knowledge on computers will be prefered",90000.0,175000.0,0.0,5.0
"Senior Manager, App Dev & Support",240925931505,INR,9 Days Ago,Conduent,"ms azure,linux support,azure devops,architecture styles,microsoft windows,continuous integration,kubernetes,redux",4-9 Yrs,Not disclosed,Bengaluru,6762,3018.0,3.4,"Experience with Platform as a Service (PaaS) offerings<br><br>MS Cloud Certified Architect<br><br>TOGAF certification<br><br>Proficient in Windows / Linux infrastructure,including load balancers and firewalls for deployment / debugging<br><br>Proficient in Azure DevOps<br><br>Proficient in RESTful API design,database management (SQL / NoSQL),and cloud-native architectures",0.0,0.0,4.0,9.0
PSA,260925501656,INR,7 Days Ago,Vision Beyond Resources India Private Limited,"Automation,SSRS,Debugging,Javascript,SDK,Microsoft Dynamics,SSIS,Troubleshooting",5-15 Yrs,Not disclosed,Bengaluru,125122003,,," . Must have 5+ years hands-on Microsoft Dynamics CRM development experience<br><br> . Should have working knowledge on SSIS,SSRS and integration using LogicApps,FunctionApps etc",0.0,0.0,5.0,15.0
Sales Strategist,100925036862,INR,2 Days Ago,Regalix,"international voice process,B2B Sales,International Sales,International Technical Support,International Customer Service,Voice process,Process,Sales",0-3 Yrs,Not disclosed,Hyderabad,717603,475.0,2.8,"Shift and schedule adherence<br><br>Should be flexible with any shifts<br><br>Any graduation/ Diploma (10+2+3) <br><br>Self-motivated: Inspiring,enthusiastic,and passionate about doing a good job<br><br>Decision Making: Making good decisions in a timely and confident manner<br><br>3 yrs experience in Sales role<br><br>Inside Sales Experience",0.0,0.0,0.0,3.0
Application Designer,290925906428,INR,4 Days Ago,Accenture,"pyspark,distributed computing,python,data processing,aws,algorithms,kubernetes,c++",2-5 Yrs,Not disclosed,Bengaluru,27117,66726.0,3.7,"Minimum . 5 year(s) of experience is required. Educational Qualification : 15 years full time education. Summary :As an Application Designer,you will assist in defining requirements and designing applications to meet business process and application requirements<br><br>Skills:  - . Must To Have . <br><br>Skills: Proficiency in PySpark.- Good To Have .",0.0,0.0,2.0,5.0
Assistant Regional Manager - GL North West,260925918138,INR,7 Days Ago,Bajaj Finance,"User Stories,Product Management,UX,Financial Services,Finance,Documentation,Tools,Science",3-6 Yrs,Not disclosed,"Indore, Vijaynagar",122,8015.0,3.9,"Bachelors in Engineering,Computer Science,related disciplines or equivalent experience in technical roles<br><br>Experience writing documentation of functional requirements for getting them developed from IT<br><br>Guide team member / s to deliver quality outputExperience / Skills Required <br><br>Candidates with MBA will be preferred <br><br>Should have excellent communication skills",0.0,0.0,3.0,6.0
"Looking For Inside Sales Executive (Female), Bangalore",250925031490,INR,8 Days Ago,Artech,"Inside Sales,customer relationship Management,Lead Generation,Telesales,Cold Calling,Prospecting,B2B Sales,Telemarketing",1-5 Yrs,2.5-5 Lacs PA,Bengaluru(Electronics City Phase 1),1128,,," We are looking for a proactive and dynamic Inside Sales Executive (Female) with at least 1 year of proven experience in sales or business development<br><br>The ideal candidate should have excellent communication skills,a target-driven mindset,and the ability to convert leads into long-term business relationships",250000.0,500000.0,1.0,5.0
Python + Django Software Engineer,260925025868,INR,7 Days Ago,Shades Of Web,"Django Rest Api,Django,Postgresql,Database Management,Python Development,Celery,Rest Api Development,Database Design",2-3 Yrs,Not disclosed,Remote,4212576,17.0,4.3,You will work closely with the Design and Product team and help bridge the gap between User experience design and technical implementation. <br><br>Experience with PostgreSQL database design and query optimisation<br><br>Willingness to work hard,0.0,0.0,2.0,3.0
Restaurant General Manager/Assistant Restaurant General Manager,110124008279,INR,9 Days Ago,Epiphany Hospitality,"Team Handling,Inventory Management,Staff Management,Restaurant Management,Customer Handling,Handling,Restaurant,Inventory",4-9 Yrs,3-7 Lacs PA,Bengaluru,7007585,2.0,4.0,A Bachelors degree or equivalent in Hospitality Management or related field is preferred<br><br>Preferred candidate profile <br><br>Previous experience as a Restaurant Manager in a fast-paced and high-volume environment is preferred,300000.0,700000.0,4.0,9.0
Awareness Campaign Volunteer,250925500488,INR,8 Days Ago,Connectfor,"msw,counselling,ngoss,content writing,teaching,social work,communication skills,social service",0-3 Yrs,Not disclosed,Bengaluru,124796237,2.0,3.4,"30 Jun, 2026 <br /> Bengaluru <br /> 50 Volunteers Required <br /> Rejected by CF (View Reason) <br /> Children <br /> 1 Years <br /> Bengaluru <br /> Connection Status: NA <br /> Rejected by CF (View Reason) <br /> You contributed hours and helped to save for this opportunity till <br /> Call (NGO) <br /> Mark Attendance <br /> Cancel Request

i",0.0,0.0,0.0,3.0
Scientist - R & D (Synthesis - Polymers),31025011704,INR,Few Hours Ago,Atul,"Organic Synthesis,Scale Up,Process Development,Technology transfer,Transfer,Technology,R And D,Process",4-9 Yrs,Not disclosed,Valsad,32242,1212.0,3.9,Experience - MSc (5 to 10 yrs) <br><br> PhD (2 to 4 yrs) . <br><br>Experience in Scale up <br><br> Technology transfer and plant trouble shooting,0.0,0.0,4.0,9.0
Tally Accountant,300925024554,INR,3 Days Ago,Tssind Industries,"Tally Software,English,Tally ERP,Marathi,Hindi,Tally Prime,Tally,Software",1-4 Yrs,1.8-3 Lacs PA,Pune(Hinjewadi),124040134,,,<p>Responsibilities:</p><p>* Maintain accurate financial records using Tally software.</p><p>* Ensure compliance with accounting standards and regulatory requirements.</p><p>* Prepare monthly reports and manage budgets.</p>,180000.0,300000.0,1.0,4.0
Application Developer,300925915553,INR,3 Days Ago,Accenture,"sap,development methodologies,application development,design principles,sap vendor invoice management,joining formalities,screening,hr generalist activities",2-5 Yrs,Not disclosed,Bengaluru,27117,66726.0,3.7,"Minimum . 5 year(s) of experience is required. Educational Qualification : 15 years full time education<br><br>Skills:  - . Must To Have <br><br> . Project Role Description : Design,build and configure applications to meet business process and application requirements. Must have skills : SAP Vendor Invoice Management. Good to have skills : NA",0.0,0.0,2.0,5.0
Principal Data Engineer,230925500653,INR,10 Days Ago,Blackbaud,"Career development,Data modeling,data governance,System design,Data processing,SSIS,microsoft,Software solutions",8-13 Yrs,Not disclosed,Hyderabad,5711066,22.0,2.0,"<p>The Principal Data Engineer sets the technical direction that assists engineers and data engineers to take on large, complex data problems/initiatives. This role has considerable technical influence within the Data and Software Engineering teams at JustGiving. This individual acts as an evangelist for proper data strategy with other teams at JustGiving. </p> <p> <b>What you ll do: </b> </p> <ul> <li>Maintain and assess a legacy SQL Server-based Kimball-style data warehouse, identifying opportunities for modernization and optimization.</li> <li>Design and build scalable data pipelines and ETL/ELT processes using modern tools and frameworks.</li> <li>Collaborate with peers to define and evolve reusable tools and pipeline patterns that support efficient and consistent data transformation.</li> <li>Partner with product managers, data analysts, and engineering teams to design technical solutions that solve real customer problems.</li> <li>Contribute to the development and implementation of data governance practices, ensuring data sovereignty, privacy, security, and regulatory compliance.</li> <li>Monitor and troubleshoot data workflows to ensure high availability, reliability, and performance.</li> <li>Develop and maintain unit and integration tests for data pipelines to ensure reliability and correctness.</li> <li>Champion a culture of documentation to support maintainability, onboarding, and cross-team collaboration.</li> <li>Continuously challenge the status quo and advocate for improvements in data architecture and engineering practices.</li> <li>Stay current with advancements in distributed computing, data architecture, and emerging technologies.</li> </ul> <p> </p> <p> <b>What you ll bring: </b> </p> <ul> <li>8+ years of experience in data engineering or a related field.</li> <li>Hands-on experience with Spark-based platforms such as Microsoft Fabric or Databricks.</li> <li>Solid understanding of distributed system design patterns and experience contributing to their implementation in production environments.</li> <li>Strong SQL skills and experience with dimensional data modeling (Kimball, star/snowflake schemas).</li> <li>Familiarity with the Microsoft BI stack: SSIS, SSAS, Power BI.</li> <li>Knowledge of data governance, security, and compliance best practices.</li> <li>Proven experience with both batch and real-time data processing architectures and tools.</li> <li>Experience to DevOps practices in a data engineering context.</li> <li>Comfort working independently in ambiguous environments.</li> <li>A track record of delivering high-quality, secure, and operable software solutions.</li> <li>Flexibility to work hours aligned with business priorities when needed.</li> </ul> <p> </p> <p>Stay up to date on everything Blackbaud, follow us on  Linkedin ,  X ,  Instagram ,  Facebook  and  YouTube   </p> <p> </p> <p>Blackbaud is a digital-first company which embraces a flexible remote or hybrid work culture.  Blackbaud supports hiring and career development for all roles from the location you are in today!</p> <p> </p> <p>Blackbaud is proud to be an equal opportunity employer and is committed to maintaining an inclusive work environment. All qualified applicants will receive consideration for employment without regard to race, color, religion, gender, gender identity or expression, sexual orientation, national origin, physical or mental disability, age, or veteran status or any other basis protected by federal, state, or local law.</p>",0.0,0.0,8.0,13.0
Field Travel Sales - Delhi /Noida /Gurgram /Jaipur/ Jodhpur/Ahmedabad,290925001987,INR,4 Days Ago,Capital Placement Services,"travel sales,sales,Field Sales,customer service,Field Marketing,international ticketing,tourism,Travel Agency",1-6 Yrs,3-6 Lacs PA,"Ahmedabad, Delhi / NCR, Rajasthan",79647,,,"Identify and visit potential corporates, retailers, and RMNs for business tie-ups
Pitch company travel services (holidays, flights, hotels, visas) and onboard new partners
Build strong B2B relationships to generate consistent business opportunitiesField Travel Sales Location: Delhi / Noida / Gurgram / Jaipur / Jodhpur / Jaisalmer / Pushkar/ Ahmedabad / Rajkot / Mumbai 


capitalplacement02@gmail.com
P- 9891750342 | WhatsApp- 7895263093",300000.0,600000.0,1.0,6.0
EM dotnet,260925501876,INR,7 Days Ago,Vision Beyond Resources India Private Limited,"Unix,Cloud computing,Linux,Coding,Postgresql,Debugging,Application development,SDLC",3-6 Yrs,Not disclosed,Bengaluru,125122003,,,"Extensive experience in software development,system design,and cloud-based applications .  . Strong knowledge of SQL,PostgreSQL,with exposure to BigQuery,Redis,Elasticsearch .  . Hands-on experience with microservices,event-driven architecture,and DevOps practices .  . <br><br>Proven expertise in GCP (preferred) or Azure cloud platforms",0.0,0.0,3.0,6.0
Key Account Manager,300925928208,INR,3 Days Ago,Eris,"presentation skills,sales,institutional business,pharmaceutical sales,relationship management,pharmaceutical,sales growth,business development",5-10 Yrs,Not disclosed,Kolkata,669609,739.0,3.7,"Graduate in Science / Pharmacy/Commerce<br><br> MBA preferred.  . 25 years of experience in pharmaceutical sales,preferably in corporate/ institutional business.  . Strong relationship management and negotiation skills.  . Good communication,presentation,and analytical skills.  . Self-motivated,target-driven,and adaptable to a dynamic work environment",0.0,0.0,5.0,10.0
Sales Executive - Bulk order - 20Ltr Can,250925005388,INR,8 Days Ago,Hindustan Coca Cola Beverages (HCCB),"Bulk Sales,FMCG Sales,Bulk order,Order fulfillment,Can Bus,Bulk,Sales,Sales executive activities",2-4 Yrs,4-6 Lacs PA,Bengaluru,230928,3151.0,4.0,"Gathering competition Information and reporting to the Manager Behavioral. Go Getter,Able to work in Ambiguity,Good at Customer Relationship. .",400000.0,600000.0,2.0,4.0
Scrum master,260925501818,INR,7 Days Ago,Vision Beyond Resources India Private Limited,"Data analysis,Business analysis,Process improvement,Agile,Scrum,Project planning,Agile methodology,JIRA",3-15 Yrs,Not disclosed,Bengaluru,125122003,,," . Education: Bachelor s degree in Computer Science,Information Technology,Business,or a related field<br><br>Develop business requirement documents (BRDs),use cases,and user stories to support development teams<br><br>Utilize Jira and Confluence for requirement tracking and documentation<br><br> . Proficiency in Jira,Confluence,and other requirement management tools",0.0,0.0,3.0,15.0
Co-ordinator  Food Schemes,230925935883,INR,10 Days Ago,Eurofins,"project management,tracing,ms project,track and trace,project planning,serialization,estimation,defect reporting",3-6 Yrs,Not disclosed,Faridabad,891154,162.0,3.2,"<br /><br /><b> Eurofins is a leading provider of assurance and inspection services, covering a broad spectrum of sustainable supply chain practices, including the circular economy. Eurofins helps the customers to identify and mitigate risks in their supply chain and to ensure the benchmarking performance with operations, processes, systems, people, or capabilities. We hold accreditations for various industry standards and memberships, ensuring comprehensive service throughout the supply chain.</b> <br /><br /><b> Whether you are in the food, consumer products, healthcare, or cosmetics industries, we offer a full range of services including product inspection, auditing, certification, training, and consultation. Eurofins Assurance helps you mitigate compliance risks, enhance quality, and prevent safety failures early on, safeguarding your business from brand damage, product recalls, and other potential issues in the future.</b> <br /><br /><b> Sustain your business growth and commitment with Eurofins Assurance, a global network of assurance experts that you can trust.</b> <br /><br /><li>To monitor all the processes from application review to certificate issuance is happening within the defined TAT.</li><li>Ensure allocation of files to the respective technical reviewers as per scheme and as per TAT.</li><li>Track and send reminders to reviewers on status of files allocated for reviews.</li><li>Track and send reminders to auditors on status of audit reports pending with auditors.</li><li>Follow up with clients for CAPA reports as and when required by the scheme / standard.</li><li>To update the client tracker of relevant schemes such as BRCGS/ISO 22000/FSSC and other Second party audits with all information required.</li><li>To demonstrate the management expertise, good communication & ownership ability to accomplish the task right at first time. </li><li>Prepare monthly summary reports on the process performance.</li><br /><br /><b> Additional Information</b> <br /><li>Good in Communication Skill.</li><li>Good proficiency in operating Microsoft Office especially Excel.</li><li>Good command on written and spoken English</li><li>Result oriented</li><li>Problem solving</li><li>Should be good with new ideas and methodologies.</li>",0.0,0.0,3.0,6.0
Field Service Technician,250925026456,INR,1 Day Ago,Vivify Technocrats,"Electrical Maintenance,Electrical Erection,Electrical Installation,Electrical Works,Panel Wiring,Electrical Engineering,Servicing,Field",1-3 Yrs,Not disclosed,Hyderabad(Shamshabad +2),124095394,9.0,4.6,<p><strong>Role & responsibilities</strong> </p><p>Service & maintenance of security equipments installed at Hyderabad Airport</p><br /><p><strong>Preferred candidate profile</strong> </p><p>1 to 3 years experience in electrical maintenance</p><p>DECE/DEEE/BE ECE/ BE EEE</p><br />,0.0,0.0,1.0,3.0
Application Developer-AWS Cloud FullStack,290925919968,INR,4 Days Ago,IBM,"python,ruby,angular,node.js,java,software testing,regression testing,automation testing",4-8 Yrs,Not disclosed,Mysuru,16987,24311.0,3.9,"<br /> <li>As a Software Developer you'll participate in many aspects of the software development lifecycle, such as design, code implementation, testing, and support.</li><li>You will create software that enables your clients' hybrid-cloud and AI journeys.</li><li>Your primary responsibilities include:</li><li>Comprehensive Feature Development and Issue ResolutionWorking on the end to end feature development and solving challenges faced in the implementation.</li><li>Stakeholder Collaboration and Issue ResolutionCollaborate with key stakeholders, internal and external, to understand the problems, issues with the product and features and solve the issues as per SLAs defined.</li><li>Continuous Learning and Technology IntegrationBeing eager to learn new technologies and implementing the same in feature development.</li> <br /> <br /> Required education <br /> Bachelor's Degree <br /> <br /> Preferred education <br /> Master's Degree <br /> <br /> Required technical and professional expertise <br /> <li>Creative problem-solving skills and superb communication Skill.</li><li>Should have worked on at least 3 engagements modernizing client applications to</li><li>Container based solutions.</li><li>Should be expert in any of the programming languages like Java, .NET, Node .js, Python, Ruby, Angular .js</li> <br /> <br /> Preferred technical and professional experience <br /> <li>Experience in distributed/scalable systems</li><li>Knowledge of standard tools for optimizing and testing code</li><li>Knowledge/Experience of Development/Build/Deploy/Test life cycle.</li>",0.0,0.0,4.0,8.0
Lead - Inside Sales,300925500648,INR,3 Days Ago,freshworks,"Sales strategy,Sales,Executive Level 2,SAAS,Sales process,Pipeline management,Sales training,CRM",3-7 Yrs,Not disclosed,Bengaluru,1703010,779.0,3.4,"Collaborate closely with the Marketing team to provide a tight feedback loop on lead quality and campaign effectiveness.  . Work with Sales Development,Product,and Customer Success teams to ensure a seamless prospect and customer experience",0.0,0.0,3.0,7.0
Manager,240925506223,INR,9 Days Ago,Youthnet,"Hospitality,Event management,Business management,Management,Human resource management,Resource management,Events,Resource",3-7 Yrs,Not disclosed,Chumukedima,125056937,2.0,4.9,"Skills / experience required in Communication Human Resource Management . Preferably experienced in Hospitality,Event Management Business Management . Only male candidates may apply . Freshers can also apply . <br><br>Qualification: Graduate .",0.0,0.0,3.0,7.0
Client Service Manager,230925019098,INR,10 Days Ago,Showcraft Productions,"Communication Skills,Client Coordination,Project Management,Project Planning,Leadership Skills,Client Management,Creative Skills,Strategic Thinking",5-8 Yrs,Not disclosed,Noida,4051010,5.0,3.0,"Experience in managing large-scale projects in the event management industry.
Lead end-to-end event project management.
Coordinate with clients and internal teams to align expectations and deliverables.
Outstanding client management skills.",0.0,0.0,5.0,8.0
Field sales officer - Micro Loan Officer,240925009240,INR,9 Days Ago,Larsen & Toubro (L&T),"Loan Sales,Sales,Field Sales,Field Work,Collections,Group Sales,Bfsi Sales,Credit Card Sales",0-5 Yrs,2-2.5 Lacs PA,"Madurai(K Pudur), Ramanathapuram",43673,21513.0,3.9,"<br /><p><strong>1. Starting business in a new village</strong></p><p><strong>a. Village identification within the radius</strong></p><p><strong>b. Feasibility study of the village based on demographics, activities and financial needs of the customers</strong></p><p><strong>c. Assist the MC-IC in making the village approval</strong></p><br /><p><strong>2. Sourcing of business</strong></p><p><strong>a. Identification of customers and forming of Joint Liability Groups</strong></p><p><strong>b. Filling up of the application form</strong></p><p><strong>c. Verification of the residence and business of the customer</strong></p><p><strong>d. KYC verification</strong></p><p><strong>e. Pre-disbursement training</strong></p><p><strong>f. Visiting potential customers in order to develop business</strong></p><br /><p><strong>3. Disbursements</strong></p><p><strong>a. Collection of KYC documents</strong></p><p><strong>b. Assisting the MC-IC for disbursement activity completion</strong></p><p><strong>c. Loan documentation</strong></p><br /><p><strong>4. Collection of current dues</strong></p><p><strong>a. Collect the collection sheets and stickers from MC-IC</strong></p><p><strong>b. Group-wise collection as per scheduled time by following the process</strong></p><p><strong>c. Deposit of collection money</strong></p><p><strong>d. MERC entry</strong></p><br /><p><strong>5. Collection of over dues</strong></p><p><strong>a. Follow up with the customers with updated data report of assigned portfolio</strong></p><p><strong>b. Collection of money as per process</strong></p><p><strong>c. Depositing the money in bank</strong></p><p><strong>d. MERC entry</strong></p><p><strong>e. Assist the MC-IC in initiating action against the defaulters</strong></p><br /><p><strong>2 wheeler is Mandatory</strong></p><p><strong>Willing to Take Care of Sales and Collection</strong></p><p><strong>100% Field work</strong></p><br /><p><strong>Interested candidates can send your resume to WhatsApp +91 9611483830 or mail ageo@ltfs.com</strong></p>",200000.0,250000.0,0.0,5.0
Accountant,300925010470,INR,3 Days Ago,Naattu The Native Food Company,"Accounting,Gst Calculation,Tally ERP,Tds Filing,TDS Calculation,Gst Return,Gst Filing,Bank Reconciliation",5-10 Yrs,1.8-2.4 Lacs PA,Pollachi,125037217,,,"<p>All accounting and related activities</p><br /><p>Lakshmi Dairy Products</p><p>Vellalapalayam po, Pollachi 642120</p><br /><p>contact : Mr. Karuppasamy - 98422 20656</p>

Annual bonus
Health insurance
Provident fund",180000.0,240000.0,5.0,10.0
Assistant General Manager Legal,50825019341,INR,3 Days Ago,Omkar Placements,"Construction,Legal,Real Estate,Rera,Compliance,Coordination,MOUS,Litigation",10-20 Yrs,Not disclosed,"Thane, Navi Mumbai, Mumbai (All Areas)(Bandra Kurla Complex)",740001,,,"Our client into Real Estate Industry is looking for

AGM Legal

Profile:
Strong understanding of real estate laws, land acquisition, RERA, contracts, & dispute resolution. Providing legal advice, drafting & reviewing legal 
documents.Advise management on legal risks, strategies, & compliance matters.
Ability to handle pressure & provide quick, legal solutions.
Excellent communication skills.


Whatsapp CV on : 8422074660",0.0,0.0,10.0,20.0
Motion graphics & video editor,240925506875,INR,9 Days Ago,Team Builders India,"Graphics,Video Editor,Video,Video editing,Motion graphics,Editing,Motion",1-5 Yrs,Not disclosed,Gurugram,4853690,,, . Disclaimer : This job description has been sourced from a public domain and may have been modified by Naukri,0.0,0.0,1.0,5.0
Research Manager,11025011093,INR,2 Days Ago,PM Hr Solutions,"Research,Secondary Research,Qualitative Research,Consumer Insights,Quantitative Research,Customer Insight,Consumer Research,Proposal Development",10-15 Yrs,15-25 Lacs PA,Remote,123880501,,,"<p><strong>Role & responsibilities</strong> </p><p>-Market Research</p><p>-Experience in both qualitative and quantitative research</p><p>-Experience into proposal development, Questioner deign and Brand Tracking.</p><br /><p><strong>Preferred candidate profile</strong> </p><p>- Preference given to the person located in Delhi/NCR region.</p>",1500000.0,2500000.0,10.0,15.0
Sales Executive,21025009327,INR,1 Day Ago,Bisleri,"FMCG Sales,Secondary Sales,General Trade,Primary Sales,Distributor Handling,Secondary,Handling,General",,Not disclosed,Remote,62728,1356.0,4.2,"Minimum: Graduate preferred.  . 79 years of experience in FMCG sales (General Trade).  <br><br>Preferred candidate profile . <br><br>Experience in beverages,packaged drinking water,or consumer goods is highly desirable",0.0,0.0,7.0,10.0
Unit Manager - Operations,260925500792,INR,7 Days Ago,Metlife,"Training,Claims,Focus,Consulting,Unit Manager Operations,Investigation,Healthcare,medical records",15-20 Yrs,Not disclosed,Noida,4681368,1676.0,4.0,"Bachelor s degree (Medical) or diploma with a minimum of 15 years of education<br><br>Performs other related duties as assigned or required<br><br> . Education,Technical Skills & Other Critical Requirement. Education. .",0.0,0.0,15.0,20.0
Bulk Requirement For Technical Sales Executive(BSOD AND PPC ),160925023063,INR,2 Days Ago,Armaan Placements Services(himanshu Bisht ),"Technical sales officer 8755671696,Technical Sales Executive-9720754072,sr technical sales executive,us technical sales,Technical sales associate,ppc amazon ios,Technical sales ppc calls,international technical sales",1-6 Yrs,3-6.5 Lacs PA,"Chandigarh, Dehradun, Delhi / NCR(Patel Nagar +4)",3996702,,,No Freshers)or other domain Accomodation+Salary+incentives Travel Tickets<br><br>WE Required Bulk Agents for for popup and ppc calls agents for multiple location<br><br>Agents should have min 1 year of experience in Technical Sales with any us calls <br><br>Candidate should have international us technical sales experience,300000.0,650000.0,1.0,6.0
US mortgage- Title Search/ COS/FS-Work From Home,200925013794,INR,10 Days Ago,Venpa Staffing,"Full Search,Current Owner Search,Title Search,Mortgage,Searching,Current,Cos,US mortgage",1-5 Yrs,2-6 Lacs PA,Remote,756229,,,Work Mode: Work from home <br><br>should have good communication skills<br><br>Nationwide should work more than 8+states,200000.0,600000.0,1.0,5.0
Broker Partnership,230925504441,INR,10 Days Ago,Rentomojo,"brokerage,administration,real estate,estate,mws,sales,trading networks,marketing",2-4 Yrs,Not disclosed,Noida,3220044,233.0,3.9,"Flexibility to work weekends,holidays,and evening shifts as per the business needs <br><br>Participating in the retails sales and store management activities as and when required . Coordinating with cross functional team like marketing & category to stay abreast of the recent updates PREFERRED QUALIFICATION . Bachelors degree in business,marketing,or a related field is preferred",0.0,0.0,2.0,4.0
Assistant Manager - Process Training (US Mortgage Underwriting),250925025221,INR,8 Days Ago,WNS Holdings,"Us Residential Mortgage,training,Mortgage Underwriting,Income Calculation,live underwriting,Loan Origination,Post Closing,Underwriting",5-9 Yrs,Not disclosed,Gurugram,2172,13819.0,3.3,Vendor Management: Engage with various vendors providing training to gauge and leverage niche domain expertise that may be required time to time<br><br> Project and Training Management Experience is a must<br><br>Good with Microsoft Office,0.0,0.0,5.0,9.0
Project Manager,11025501562,INR,2 Days Ago,Manektech,"Project Manager,Project,Management,Project management",6-10 Yrs,Not disclosed,Ahmedabad,1896538,66.0,3.1,Experience: 0 To 0,0.0,0.0,6.0,10.0
Application Developer,250925923236,INR,8 Days Ago,Accenture,"sap abap development,sap fiori,sapui5,sap hana,sap abap,bdc,project management,css",2-5 Yrs,Not disclosed,Bengaluru,27117,66727.0,3.7,"Educational Qualification : 15 years full time education. Summary :As an Application Developer,you will design,build,and configure applications to meet business process and application requirements<br><br> Project Role Description : Design,build and configure applications to meet business process and application requirements. Must have skills : SAP ABAP Development for HANA",0.0,0.0,2.0,5.0
Enterprise Technology Architect,250925923524,INR,8 Days Ago,Accenture,"predictive maintenance,plc,dl,oee,ml,erp,python,tao",12-15 Yrs,Not disclosed,Bengaluru,27117,66727.0,3.7,Apply the latest technology and industry expertise to create better products and experiences. Must have skills : Data & AI Solution Architecture<br><br>Minimum . 12 year(s) of experience is required<br><br>Must have . <br><br> Good to have skills : NA,0.0,0.0,12.0,15.0
Oracle Soa Developer,300925011830,INR,3 Days Ago,CIEL HR,"EBS,Oracle SOA,SOA,Oracle,Eb,Development",5-10 Yrs,Not disclosed,"Hyderabad, Chennai, Bengaluru",2089678,,,"<p> </p><p><strong>Key Responsibilities</strong></p><ul><li>Design, develop, and maintain <strong>SOA/BPEL composites</strong> to support AP Invoice Automation across Oracle EBS/Fusion.</li><li>Build <strong>interfaces and integrations</strong> between Oracle Payables, OCR tools (Kofax, ABBYY, UiPath Document Understanding, etc.), and third-party systems.</li><li>Develop and optimize <strong>middleware components</strong> (SOA Suite, OSB, BPEL, Mediator, Adapters).</li><li>Integrate with <strong>Oracle AP, EB-Tax, SLA, Payments, and Expenses</strong> modules for invoice automation.</li><li>Handle <strong>invoice ingestion workflows</strong> including validations, exception handling, and approvals.</li><li>Support <strong>real-time and batch integrations</strong> using SOA Suite and REST/SOAP web services.</li><li>Implement and maintain <strong>error handling, logging, and monitoring frameworks</strong> for robust integrations.</li><li>Collaborate with functional and business teams to analyze requirements and provide scalable integration solutions.</li><li>Support <strong>UAT, cutover, and production deployments</strong> of APIA-related integrations.</li></ul><p><strong>Required Skills & Experience</strong></p><ul><li>58 years of experience in <strong>Oracle SOA Suite 11g/12c</strong> (BPEL, Mediator, OSB, Adapters).</li><li>Strong knowledge of <strong>Oracle E-Business Suite R12 AP</strong> and/or <strong>Oracle Fusion Financials (Payables, Expenses, Tax)</strong>.</li><li>Hands-on experience building integrations for <strong>Accounts Payable Invoice Automation (APIA)</strong> solutions.</li><li>Expertise in <strong>web services (SOAP, REST), XML, XSD, XSLT, XQuery</strong>.</li><li>Experience with <strong>AP invoice processing flows</strong> (2-way/3-way matching, approvals, holds, payments).</li><li>Solid debugging and performance tuning skills for SOA composites and middleware.</li><li>Familiarity with <strong>FBDI, ADFdi, and ERP Cloud web services</strong> for invoice data automation.</li><li>Experience in <strong>error handling frameworks and reprocessing strategies</strong> for failed transactions.</li><li>Exposure to <strong>OCR/IDP tools</strong> (Kofax, ABBYY, ReadSoft, UiPath, Automation Anywhere).</li><li>Experience with <strong>OIC (Oracle Integration Cloud)</strong> in addition to SOA Suite.</li><li>Knowledge of <strong>RPA tools</strong> for invoice automation.</li><li>Familiarity with <strong>intercompany processes (AGIS)</strong> and financial compliance requirements.</li></ul><br />",0.0,0.0,5.0,10.0
Assistant General Manager - Accounts Receivable,290925500851,INR,4 Days Ago,Orchard Healthcare,"TDS,Financial reporting,Billing,Revenue recognition,Cash flow,Healthcare,Cross functional coordination,Accounts receivable",7-10 Yrs,Not disclosed,Bengaluru,124460782,16.0,3.6,  . Must be a Qualified Chartered Accountant (CA) or hold an MBA in Finance / Accounting.  .  .  . Strong knowledge of accounting principles and financial reporting.  .  . Strong expertise in accounts receivable or similar finance roles .  .  . Good experience in MS Excel (must have worked with large volumes of data)<br><br> experience with Advanced Excel is a plus .  .,0.0,0.0,7.0,10.0
Immediate Hiring For HR Recruiter !!,31025016428,INR,Few Hours Ago,THE Solidarity,"Selection,Recruitment,Sourcing Profiles,Good English Communication,End To End Recruitment,Interview Scheduling,Shortlisting,Talent Acquisition",0-1 Yrs,2-3 Lacs PA,Pune,4764770,,,"Prepare reports by collecting and analyzing information.
End to End Recruitment
Screening candidate
Maintains office supplies inventory by checking stock to determine inventory level, anticipating needed supplies.
Employee Engagement, Retention",200000.0,300000.0,0.0,1.0
React JS Developer - Freshers,230925036785,INR,10 Days Ago,Jayam Solutions Private Limited -CMMI Level III company,"Typescript,Javascript,Node.Js,React.Js,CSS,Bootstrap,HTML,Ajax",0-1 Yrs,Not disclosed,Hyderabad(Moosapet),2385970,71.0,3.9,"- 2024 and 2025 pass outs.  . - Male Candidates only<br><br> - 10th: Minimum 9 GPA. - Plus 2: Minimum 9 GPA. - BTech (CSE,IT,ECE ) : Minimum 8 GPA. .",0.0,0.0,0.0,1.0
Engineer - Installation,270925011077,INR,6 Days Ago,Kone,"erection,repair,maintenance engineering,presentation skills,interpersonal skills,equipment,control,elevator installation",2-6 Yrs,Not disclosed,Guwahati,5463,1515.0,4.1,Minimum 4 years of experience in Elevator Installation / Erection. Good understanding of Elevator & Escalator products and Site Safety . <br><br>Experience in handling sub-contractors and Customer relationship. Self-Driven professional with great enthusiasm. .,0.0,0.0,2.0,6.0
Client Data Analyst,240925500989,INR,9 Days Ago,JPMorgan Chase Bank,"data analysis,data analytics,business requirements,data mining,predictive analytics,presentation skills,business analysis,power bi",1-7 Yrs,Not disclosed,Bengaluru,1137434,7126.0,3.8,"Support all aspects of client onboarding to include the fulfillment of AML and KYC requirement<br><br>Required qualifications,capabilities,and skills . <br><br> Must be flexible and adaptable to manage interim projects and processes based on the business requirements<br><br> Make decisions that are effective and well-grounded based on data,insight,and experience",0.0,0.0,1.0,7.0
Java Full Stack Engineer,250925508602,INR,8 Days Ago,Pratiti Technologies,"Procurement,spring boot,ERP,Backend,GIT,NoSQL,MySQL,Debugging",3-7 Yrs,Not disclosed,Pune,4066430,97.0,3.8,"Frontend experience in React (preferred) or Angular,TypeScript,HTML / CSS<br><br>Experience with relational databases (MySQL / Postgres) and NoSQL (MongoDB) as needed",0.0,0.0,3.0,7.0
Java Backend Developer,290925913651,INR,4 Days Ago,PRADEEPIT CONSULTING SERVICES PVT LTD,"spring boot,java,liferay,software engineering,aws,rest,css,aws infrastructure",5-10 Yrs,Not disclosed,Remote,5596258,,,"<div><div><strong>Experience:</strong> 5+ Years</div><div><div><p><strong>Relevant Experience:</strong> 5+ Years</p><p><strong>Job/Work type:</strong> Remote</p><p><strong>Time Zone:</strong> IST Time Zone 10:00 pm to 7:00 pm</p><p><strong>Project Name/Type:</strong> Development/Enhancement</p><p><strong>Job Description:</strong></p><ul><li><strong>5+ years</strong> of professional backend software engineering experience.</li><li>Experience in analysis, design, coding and implementation of next-generation web.</li><li>applications in backend programming language (preferably in <strong>Java, Spring Boot and Liferay).</strong></li><li>Experience in API based architectures (e.g. <strong>SOA</strong>).</li><li>Experience working on high-traffic and large-scale web products.</li><li>Experience with web infrastructure, distributed systems and performance analysis.</li><li>Driven to gain insight into different new and old technologies.</li><li>Been on at least one death march and know exactly why some things have to be avoided.</li><li>Ability to prioritize tasks and quickly adjust in a rapidly changing environment.</li><li>Maintain and ensure optimal software quality within the assigned work stream and product.</li><li>Working knowledge with <strong>AWS infrastructure</strong> and deploying applications on <strong>EKS</strong> is a plus.</li></ul></div></div></div>",0.0,0.0,5.0,10.0
Jr. PPC (Google Ads) Executive,120925005750,INR,7 Days Ago,Webindia Inc,"Google Ads,Keyword Research & Analysis,Remarketing,Google Adwords,ROAS,Ab Testing,ROI,Campaign Optimization",0-2 Yrs,1-3.5 Lacs PA,Ahmedabad,607233,63.0,4.1,"Key Skills:  . Fluent English is a must (Ability to speak,write,listen & read English)",100000.0,350000.0,0.0,2.0
"REAL ESTATE ANALYST Real Estate Intelligence Unit, AS",230925918415,INR,10 Days Ago,Deutsche Bank,"real estate valuation,real estate,loan servicing,underwriting,financial markets,financial analysis,dcf,estate",3-5 Yrs,Not disclosed,Mumbai,123506651,4090.0,3.9,"<br /><b> <br /><br /></b><b>About The Role :</b>  <br /><br /><b>Job TitleREAL ESTATE ANALYST Real Estate Intelligence Unit, AS</b><br /><br /><b>LocationMumbai, India</b><br /><br /><b>Role Description</b><br /><li>The Wealth Management Portfolio Management team is a newly developed lending services (front office facing) aimed at supporting robust risk management, monitoring and analytics on the structured loan portfolio of the WM division, which offers bespoke lending solutions to High Net Worth / Ultra High Net Worth clients globally.</li><li>The loan portfolio comprises loans secured against real estate (both residential and commercial), listed and unlisted shares, art, aircraft and other collateral types (physical or financial).</li><li>The division also has a sizeable presence in the Private Capital Fund Financing industry with an active Capital Call Financing (Subscription Finance) and LP / GP financing business.</li><li>Integral to such a bespoke lending suite is ensuring high quality assessment, monitoring and maintenance of a sizeable book with complex collateral types. The Real Estate Intelligence Unit is an integral part of Portfolio Management designed to support the global real estate lending portfolio (including both Commercial Real Estate and Residential Real Estate) for WM division. This includes</li><li>(i) Real Estate Analysis and collateral monitoring;</li><li>(ii) valuation co-ordination;</li><li>(iii) exposure reporting and analytics;</li><li>(iv) Stress testing support.</li><br /><br /><b>Your key responsibilities</b><br /><li>Undertake analytical activities to support Real Estate loan file management including valuation reviews, serviceability assessments, early warning reviews including via covenant tracking, among other functions.</li><li>Support preparation of Real Estate credit submissions for credit approval (initially focussing on annual reviews)</li><li>Support the REIU team head in processing and meeting KPIs</li><li>Ensuring high quality MIS and processes are maintained to support the Real Estate collateral monitoring process</li><li>Support preparation of management info as appropriate (including ad hoc reviews, regulatory enquiries and quarterly stress tests)</li><br /><br /><b>Your skills and experience</b><br /><li>Highly numerate, degree qualified</li><li>Demonstrated understanding of financial markets and drivers of real estate valuations</li><li>3-5 years experience in Real Estate finance / loan servicing / investments / similar areas with deep expertise in Real Estate underwriting in an institutional banking environment</li><li>Experience in Commercial Real Estate risk assessment and financing</li><li>Good understanding of process and credit portfolio management in a regulatory environment faced by an international bank</li><br /><br />",0.0,0.0,3.0,5.0
Application Developer,300925915881,INR,3 Days Ago,Accenture,"dbms,javascript,java,full stack,html,joining formalities,screening,hr generalist activities",2-5 Yrs,Not disclosed,Pune,27117,66726.0,3.7,"Minimum . 5 year(s) of experience is required. Educational Qualification : 15 years full time education<br><br>Skills:  - . Must To Have <br><br> . Project Role Description : Design,build and configure applications to meet business process and application requirements. Must have skills : Java Full Stack Development. Good to have skills : NA",0.0,0.0,2.0,5.0
Client Relationship Executive,270925008094,INR,6 Days Ago,Logon Global Solutions,"Client Support,English,Client Coordination,Malayalam,Client Servicing,Client Relation,Client Relationship,Relationship",0-3 Yrs,1.92-3.36 Lacs PA,Kochi(Kakkanad),125008981,4.0,4.2,<p> <strong>Role:</strong> Primary advisor for study abroad candidates.</p><ul><li><strong>Focus:</strong> Deliver high-touch client service.</li><li><strong>Duties:</strong> Counsel on courses/visas; manage applications; ensure high satisfaction.</li><li><strong>Goal:</strong> Drive successful enrolment and retention.</li></ul>,192000.0,336000.0,0.0,3.0
Benefits Administration Services Associate I,240925931835,INR,9 Days Ago,Conduent,"claims adjudication,training,vocational training,benefits administration,claims,community development,project management,csr",4-9 Yrs,Not disclosed,Hyderabad,6762,3018.0,3.4,"Willingness to work in shifts in different time zones<br><br>In some areas,requires vocational training,certifications,licensures,or equivalent experience. General Profile <br><br> Graduate from recognized universities<br><br>B Tech CSE / IT not eligible)<br><br>Freshers and experienced candidates from 5 to 4 years are eligible <br><br>Preferred candidates with Claims / Claims Adjudication",0.0,0.0,4.0,9.0
HR Planners and Developers,260925501175,INR,7 Days Ago,HR Planners and Developers Pvt. Ltd.,"Business administration,Market development,Medical devices,French,Healthcare,Market research,After sales support,Key account management",5-8 Yrs,Not disclosed,Bengaluru,3235946,,,"Qualifications Skills: Bachelors degree in Business Administration,Sales,Marketing,Healthcare,or related field<br><br>Supportive team and regional exposure. Qualification(s) Desired Experience <br><br>Minimum of [5-8] years of experience in international sales,preferably in medical devices or healthcare industry<br><br>Willingness to travel extensively within regions",0.0,0.0,5.0,8.0
Application Support Specialist,230925027540,INR,10 Days Ago,Vittech,"Ai Techniques,Data Structures,Data Analysis,Java,Problem Solving,Debugging,Java Code,SQL Queries",0-1 Yrs,Not disclosed,"Noida, Gurugram(Faridabad Road), Delhi / NCR(Old Ghaziabad)",5950054,,,"Candidates with a career gap looking to restart their professional journey.  . Fresh graduates or early professionals who have had a break but kept their skills updated through courses,projects,or freelancing.  <br><br>Required Skills . Who Can Apply?",0.0,0.0,0.0,1.0
Interesting Opportunity For Pharmacist Position,190825035401,INR,Today,Manpowergroup Services India,"Pharmacy,Dispensing,chronic medicines,Positioning,Medicine",3-5 Yrs,1-2.75 Lacs PA,Hyderabad(Gachibowli),742,,,Experience:3-5 Years . <br><br>Qualified pharmacist with prior experience in chronic care dispensing and stock control,100000.0,275000.0,3.0,5.0
Head - Project Planning & Control,31025012290,INR,Few Hours Ago,Adani Group,"Project Planning Control,Commercial,P6,Primavera Project Planner,Project Control,MS Project,Primavera,Project Planning",18-22 Yrs,Not disclosed,Ahmedabad,8474,2121.0,3.8,"With four IG rated businesses,it is the only Infrastructure Investment Grade issuer in India.  . Adani Airports Holding Limited : Adani Airports Holding Limited is reshaping the aviation landscape,transforming airports into dynamic hubs of connectivity,innovation,and service excellence<br><br>Prior experience in Airport construction projects is highly preferred.  .",0.0,0.0,18.0,22.0
Administrator,31025908745,INR,Few Hours Ago,Incedo,"amazon rds,sql server,postgresql,devops,amazon cloudwatch,standard operating procedures,orientation,python",4-6 Yrs,Not disclosed,Chennai,31046,1230.0,3.0,"Computer science background is preferred <br><br> Job Summary:  . We are looking for a proactive and technically strong Cloud Database Administrator (DBA) with experience in AWS RDS / Aurora,SQL Server,and PostgreSQL<br><br>Qualifications . 4-6 years of work experience in relevant field",0.0,0.0,4.0,6.0
Concrete Technologist,290925011629,INR,4 Days Ago,Fosroc Chemicals,"Admixture,Ready Mix Concrete,Construction Chemicals,Concrete Technology,Concrete Testing,Concrete,Chemical,Technology",2-6 Yrs,2.25-6.5 Lacs PA,Lucknow,108478,336.0,4.3,SECONDARY . To develop good and effective contacts with consultants / architects for furthering Companys business interests. .,225000.0,650000.0,2.0,6.0
Account Executive,300925920169,INR,3 Days Ago,Satyam Consulting Services,"Accounting,Financial Reporting,Management Reports,Month-End Closing,Bank Reconciliation,Invoicing,Account Statements,Balance Sheet Preparation",1-6 Yrs,Not disclosed,Pune,3801018,,,"Manage client accounts and maintain accurate transaction records.
Generate invoices and ensure timely billing.
Conduct bank reconciliations and monitor account statements.
Assist in preparing financial reports, balance sheets, and P&L statements.Coordinate with internal teams and external auditors for audits.",0.0,0.0,1.0,6.0
Analytics Technical Specialist,230925507465,INR,10 Days Ago,ALSTOM India Limited,"data extraction,automation,sql queries,data representation,power bi,dashboards,etl process,sql",5-8 Yrs,Not disclosed,Bengaluru,1254544,2982.0,3.7,"Bachelors / Masters degree in Computer Science Engineering /Technology or related field<br><br>Willing to travel occasionally for onsite meetings and team workshops as required<br><br>Able to schedule and refresh jobs on Power BI On-premise data gateway. Configure standard system reports,as well as customized reports as required. <br><br>Experience<br><br>Total 6 years of experience",0.0,0.0,5.0,8.0
Senior Marketing Executive,31025911285,INR,Few Hours Ago,Lexcru Water Tech Pvt.  Ltd,"Marketing,Marketing Strategy,Posters,PPC,Promotions,Newsletters,Digital Marketing,Branding",2-7 Yrs,2-6 Lacs PA,Ahmedabad,125141445,30.0,3.6,"<p><strong>Role Overview</strong></p><br /><p>The Senior Marketing Executive is a strategic and hands-on role, responsible for planning, executing, and optimizing integrated marketing campaigns (both digital and offline) that drive brand awareness, lead generation, customer acquisition, and retention. This role works cross-functionally with sales, product, creative, analytics, and operations to achieve growth targets, measure performance, and continuously improve marketing impact.</p><br /><p><strong>Key Responsibilities</strong></p><br /><ul><li>Develop, implement, and manage integrated marketing campaigns across channels (digital, social, email, events, PR, partnerships, etc.)<br /> </li><li>Define target audiences, positioning, messaging, and value propositions aligned with business goals<br /> </li><li>Coordinate with creative, content, and media teams (in-house or agencies) to produce assets (ads, landing pages, brochures, videos, etc.)<br /> </li><li>Manage performance marketing (SEM, display, social ads, retargeting) and monitor campaign KPIs (CPC, CTR, conversion, ROAS, etc.)<br /> </li><li>Conduct market research, competitor analysis, customer segmentation, and trend tracking to inform marketing strategy<br /> </li><li>Oversee content marketing efforts: blogs, thought leadership, whitepapers, case studies, newsletters<br /> </li><li>Manage and optimize the website / landing pages for SEO, UX, lead capture, and analytics<br /> </li><li>Implement marketing automation tools / CRM campaigns (drip campaigns, nurture flows)<br /> </li><li>Plan and manage events, webinars, trade shows, and promotional activities<br /> </li><li>Prepare regular reports and dashboards on campaign performance, budget use, ROI, and make data-driven recommendations<br /> </li><li>Collaborate with Sales to generate qualified leads, support sales enablement materials, and align marketing efforts with the sales funnel<br /> </li><li>Manage marketing budgets, vendor relationships, and agency coordination<br /> </li><li>Work with cross-functional teams (product, operations, finance) for aligned launches, offers, product updates</li></ul>",200000.0,600000.0,2.0,7.0
Production Engineer,11025013214,INR,2 Days Ago,Upstart Careers,"Production Management,Production Engineering,Production Planning,Fasteners,Production Control,Production Handling,Forgings,Resource Allocation",4-7 Yrs,5-8 Lacs PA,Aurangabad,5317942,,,Control budget & costs Bachelor s in Engineering / Manufacturing (preferred),500000.0,800000.0,4.0,7.0
Customer Service Executive,260925029111,INR,7 Days Ago,Policybazaar,"Customer Service,Solving Queries,Customer Care,Customer Queries,Customer Handling,Query,Handling",0-4 Yrs,2.5-4 Lacs PA,Gurugram(Sector 44),2168812,4952.0,3.7,"<p> </p><p><strong>Interested candidates can share their CV to Zoya Hasan on 9818058256 or can mail on zoyahasan@policybazaar.com</strong></p><p><strong>Job Location - Gurgaon, Haryana </strong></p><p><strong>Salary - 2.5LPA to 4LPA </strong></p><p><strong>Interview Mode - Face2Face</strong></p><br /><p><strong>What would be the roles and responsibilities:</strong></p><p>Providing complete information about the product to the customer. </p><p>Solving all product or service related issues of the customers. </p><p>Preparing the Customer Service Guidelines </p><p>Keeping a Record of the Customers </p><p>Giving the right pitch to the potential customers, so they end up buying the product or availing the services. </p><p>Keeping a proper record of the customers. </p><p>Maintaining and updating the information of the customers regularly. </p><p>Providing the best possible solution to the queries of the customers.</p><p>Making products and services reports by collecting and analyzing the information provided by the customers. </p><br /><p><strong>What we are looking for in a candidate:</strong></p><p>Should be Confident & Dynamic. </p><p>Should have a bent towards Sales. </p><p>Excellent interpersonal and listening skills </p><p>Good persuasion skill. </p><p>Should be efficient in converting customer interest into sales. </p><p>Good negotiation skills. </p><p>Team Player </p><p>Quick learner, creative and achiever. </p><p>Passionate about work output </p><br /><p><strong>Desired Skills and Experience:</strong></p><p>SSC or higher education. </p><p>Fresher or Experience </p><p>Ability to communicate effectively Hindi & English language. </p><p>Basic computer skills. </p><p>What do we offer? </p><p>Amazing work culture. </p><p>Complete Day shift. </p><p>6 Day working </p><p>1 Roster off </p><p>Unlimited Incentives </p><p>Good opportunity for career progression. </p><p>GMC- Group medical coverage</p><p>Gratuity is paid as per applicable law which is over and above total offered CTC</p><br /><p><strong>Regards</strong></p><p><strong>Zoya Hasan</strong></p><p><strong>Hiring Team PolicyBazaar</strong></p><p><strong>9818058256 </strong></p><br />",250000.0,400000.0,0.0,4.0
Online Tutor,31025502778,INR,Few Hours Ago,Jha Home Tuition,"tgt,chemistry,teaching english,biology,mathematics,subject matter expertise,tutoring,teaching",3-6 Yrs,Not disclosed,Khammam,124460346,,,"Jha Home Tuition is looking for Online Tutor to join our dynamic team and embark on a rewarding career journey  <ul> <li> Tutoring:Provide one-on-one or group tutoring sessions to students in specific subjects or courses  </li> <li> Clarify concepts, assist with problem-solving, and offer guidance on assignments  </li> <li> Demonstrations:Conduct practical demonstrations to illustrate theoretical concepts covered in lectures  </li> <li> Utilize laboratory equipment, visual aids, or other teaching tools to enhance understanding  </li> <li> Assessment Support:Assist students in preparing for assessments, including exams, quizzes, and presentations  </li> <li> Review and discuss practice questions or problems to reinforce learning  </li> <li> Feedback and Evaluation:Provide constructive feedback on student performance and offer suggestions for improvement  </li> <li> Collaborate with course instructors to address common challenges and areas of difficulty  </li> <li> Resource Development:Develop additional learning resources, such as handouts, practice problems, or supplementary materials  </li> <li> Recommend or create instructional materials that align with the curriculum  </li> <li> Attendance at Lectures:Attend relevant lectures or classes to stay informed about the course content and teaching methods  </li> <li> Use this knowledge to tailor tutoring and demonstrations to the current curriculum  </li> <li> Communication:Communicate effectively with students, addressing their questions and concerns  </li> <li> Collaborate with faculty, fellow tutors, and other educational professionals as needed  </li> <li> Subject Matter Expertise:Stay updated on advancements in the field of study and maintain a strong understanding of subject matter  </li> <li> Share relevant industry insights and real-world applications  </li> </ul>  Disclaimer: This job description has been sourced from a public domain and may have been modified by Naukri.com to improve clarity for our users. We encourage job seekers to verify all details directly with the employer via their official channels before applying.",0.0,0.0,3.0,6.0
B2B Sales Executive,300925026709,INR,3 Days Ago,Techstay Systems,"SAAS,B2B Sales,B2B,Target Orientation,B2B Lead Generation,Lead generation,Generation,Target",0-2 Yrs,3-6 Lacs PA,Pune,125057859,,,"<p>Responsibilities:</p><p>* Meet revenue targets through effective sales strategies.</p><p>* Generate leads, close deals, and manage existing accounts.</p><p>* Collaborate with marketing team on campaigns and events.</p>

Performance bonus
Sales incentives
Annual bonus",300000.0,600000.0,0.0,2.0
Solution Architect,230925932580,INR,10 Days Ago,Accenture,"presentation skills,sap module,sap implementation,sap native hana,stakeholder management,sap bi,sap,sap business intelligence",12-15 Yrs,Not disclosed,Bengaluru,27117,66727.0,3.7,Educational Qualification : 15 years full time education. Summary :We are looking for a seasoned SAP Learning Specialist with strong SAP implementation experience to design and recommend learning solutions that support client transformation programs<br><br> Must have skills : SAP Native HANA SQL Modeling & Development,0.0,0.0,12.0,15.0
Risk Consulting Supervisor 1 - TRC IT SOX,300925930253,INR,3 Days Ago,RSM US in India,"risk management,project management,internal control,it audit,it general controls,visualforce,erp,information technology",3-5 Yrs,Not disclosed,Gurugram,6296268,276.0,3.4,"Qualification and Minimum Entry Requirements <br><br>Qualified to pursue a job-relevant certification (CISA,CISM,CRISC,CISSP) . Strong Data Analytical skills including advanced Excel skills (VLOOKUPs,pivot tables,and basic formulas),Word and PowerPoint . MS Visio skills to develop process and data flow diagrams . Strong multi-tasking and project management skills .",0.0,0.0,3.0,5.0
Senior Test Engineer,11025012154,INR,2 Days Ago,Stylein Consultancy,"API Testing,LMS,FCR,Loan Management System,Brd,FSD,Fcc,Flexcube",3-6 Yrs,6-9 Lacs PA,Chennai,4779250,,,"Experience: 3+ Years . CTC: 9 LPA . Notice period: Immediate to 30 Days Max . Job type: Full time,Permanent <br><br>Should be able to develop test cases based on the BRD / FSD/Use Cases / User Stories shared<br><br>Should be able to report bug,and track defects for closure<br><br>Should have hands on experience in JIRA",600000.0,900000.0,3.0,6.0
Medical Device Safety Physician,250925932595,INR,8 Days Ago,Gratitude India Manpower Consultants Pvt. Ltd.,"risk assessments,risk management,auditing,quality management,medical devices,fraud control,risk assessment,process improvement",3-7 Yrs,Not disclosed,Chennai,4229094,,,Experience with regulatory requirements and compliance,0.0,0.0,3.0,7.0
"Openings For Sales Manager, Personal Loan (DST Channel)",260525012533,INR,4 Days Ago,SMFG INDIA CREDIT COMPANY,"DST,Unsecured loan,personal loan,business loan,DST team,sales,Channel sales,Team",2-7 Yrs,3-6 Lacs PA,"Perambalur, Pollachi, Chennai",843971,5158.0,3.9,"Qualifications & Experience:  . Education: Graduate (MBA / PG in Sales or Finance preferred).  <br><br>Preferred candidate profile <br><br>Experience: 2 to 6 years in Personal Loan sales with minimum 2 years in DST channel handling .  <br><br>Preferred Background: Banks,NBFCs in unsecured loan divisions.  . CTC: Competitive + Incentives + Allowances (based on experience and location)",300000.0,600000.0,2.0,7.0
"Maintenance Engineer - Immediate ,Chakan kuruli phata",270925008268,INR,6 Days Ago,HR Innovation Group,"Injection Moulding,Plastic,Rubber,MTTR,Rubber Molding,FRP,Rubber Moulding,Compounding",6-11 Yrs,4-6 Lacs PA,"Nashik, Pune(Chakan +1), Aurangabad",6398332,,,Preferred candidate profile,400000.0,600000.0,6.0,11.0
Analyst - US Talent Acquisition,260925504213,INR,7 Days Ago,Stratacent,"IT services,Automation,ISO,Talent acquisition,Staffing,Healthcare,Life sciences,HTTP",5-10 Yrs,Not disclosed,Pune,4594544,26.0,3.4,"Be flexible to pick up additional responsibilities as needed to support organizational needs,such as weekend recruitment events,firmwide events,ISO certification,etc . <br><br>Bachelors degree with 5+ years of experience in IT recruitment,with a preference for in-house recruitment experience<br><br>Excellent communication skills and must be a team player with excellent interpersonal skills",0.0,0.0,5.0,10.0
Senior Software Developer,290925024947,INR,4 Days Ago,Ericsson,"Java,Kafka,React.Js,Angular,Kubernetes,Spring Boot,Microservices,Development",5-10 Yrs,Not disclosed,"Hybrid - Noida, Gurugram, Bengaluru",123852885,7948.0,4.0,"Minimum years of relevant Experience: 5 to 8 years. <br><br>Experience in product development . Education: BE,BTech or Similar .",0.0,0.0,5.0,10.0
System Engineer,11025915814,INR,2 Days Ago,Teleperformance (TP),"operational support,international ticketing,ticketing,amadeus,system engineering,python,strategic sourcing,networking",1-2 Yrs,Not disclosed,Hyderabad,1141,34166.0,3.9,"Must facilitate and monitor all workforce planning issues,including staffing,scheduling and forecasting systems,and policy and procedure<br><br>Has a knowledge base typically acquired from a professional / university degree and approximately 1-2 years of practical professional experience in a particular area",0.0,0.0,1.0,2.0
Franchise Development Manager - Pharmacy,260925010674,INR,7 Days Ago,G R Consultants,"B2B,Franchise Sales,Franchisee Development,Business Expansion,Field Sales,Franchisee Management,Business To Business,Investor Sourcing",3-8 Yrs,Not disclosed,Ahmedabad,7143005,,,"2-10 Yrs in franchise sales, business development, or preferably in [relevant industry e.g., retail, F&B, healthcare, etc.]
 Strong business and financial understanding to explain ROI models,
Proven track record in securing franchise partners.",0.0,0.0,3.0,8.0
Head Operations,290925904061,INR,4 Days Ago,THE Right Connection,"Operations Management,Operational Excellence,Crisis Management,Aviation Regulations,Budget Management,Aviation Operations Management,Stakeholder Management,Aviation",15-20 Yrs,Not disclosed,Mumbai,125067155,,,Bachelors degree in aviation management / related field,0.0,0.0,15.0,20.0
Workforce Analyst,250925901915,INR,8 Days Ago,Gratitude India Manpower Consultants Pvt. Ltd.,"workforce management,real time analysis,mis,rta,wfm,resource management,vendor management,project management",4-6 Yrs,Not disclosed,Mumbai,4229094,,,Experience with workforce management tools and technologies,0.0,0.0,4.0,6.0
Generative AI Manager Google Cloud & Open Source Models,260925029855,INR,7 Days Ago,Ventures Hrd Centre,"Generative Ai,Managerial Skills,Computer Vision,Machine Learning,Deep Learning,Cloud,Vision,Machine",5-9 Yrs,22.5-25 Lacs PA,Gurugram,553021,,,"Lead Generative AI solutions with LLMs, LangChain, Hugging Face, Google Cloud; architect multi-modal systems, RAG, vector databases; , security, stakeholder alignment; mentor teams; drive deployments, product strategy, and enterprise-scale AI.",2250000.0,2500000.0,5.0,9.0
Assistant Maintenance Manager,230925019352,INR,10 Days Ago,Job Join Consultants,"Mechanical Maintenance,Rubber,Breakdown Maintenance,Plant Maintenance,Rubber Moulding,Rubber Technology,Maintenance Engineering,CNC Maintenance",9-14 Yrs,9-10 Lacs PA,Gurugram,4495246,,,"Exp of Rubber industry Mechanical Maintenance 
Plan and execute preventative maintenance schedules to ensure equipment reliability. 
Perform repairs, replacements, and installations of machinery and components.Verify proper functionality of equipment after maintenance work.
Develop and implement maintenance strategies.
Manage maintenance budgets, resources, and spare parts inventory.",900000.0,1000000.0,9.0,14.0
Subject Matter Expert (Assessments),240925503475,INR,9 Days Ago,Ansr Source,"C++,Linux,Cobol,Shell scripting,Perl,Subject Matter Expert,Business intelligence,SDLC",0-1 Yrs,Not disclosed,Bengaluru,1581642,85.0,3.8,"Bachelor s / Master s degree in the relevant subject area or equivalent professional experience<br><br>Conduct a final review of assessments and integrated course materials to ensure a seamless learner experience. <br><br>Prior experience in online learning content development,assessment creation,or academic review",0.0,0.0,0.0,1.0
Junior Engineer,30925016105,INR,6 Days Ago,Robospecies Technologies,"Electronic Components,testing,Electronics,Repair,Multimeter,Soldering,PCB,Software testing",1-2 Yrs,1-2 Lacs PA,Noida,833041,34.0,4.1,"Candidate should have basic knowledge of circuits,attention to detail,and hands-on skills<br><br>Diploma / ITI in Electronics preferred<br><br> Good soldering skills.Basic knowledge of electronic components",100000.0,200000.0,1.0,2.0
Branch Sales Manager || IndiaMart - Coimbatore,60825017343,INR,4 Days Ago,IndiaMART,"Sales,Team Management,Team Handling,New Client Acquisition,Client Onboarding,Lead Generation,B2C Sales,Direct Sales",3-8 Yrs,Not disclosed,Coimbatore,18735,5482.0,3.6,"<p> </p><p><strong>Request you to please share resume-anjali.dhantoliya@indiamart.com</strong></p><br /><p><strong>Roles & Responsibilities-</strong></p><br /><ul><li>Monitor and analyze key regional data (sales, team performance, client status, receivables). Accurately forecast weekly, monthly, quarterly, and annual revenue.</li><li>Identify opportunities, address challenges, create action plans, and ensure sales targets are met.</li><li>Recruit, develop, and retain top talent by providing training, development plans, and regular communication.</li><li>Track performance metrics and boost team productivity. • Drive results through incentive structures and sales promotions.</li><li>Gather market feedback and provide insights for strategy and policy decisions.</li><li>Generate sales opportunities by penetrating targeted accounts.</li><li>Lead daily sales presentations and product demos with the team.</li><li>Ensure timely follow-ups and closure of sales.</li><li>Ensure payment collection as per company terms and adherence to sales processes.</li><li>Conduct regular performance reviews to drive continuous improvement.</li></ul><br /><br />",0.0,0.0,3.0,8.0
Relations Manager,260925500479,INR,7 Days Ago,Sampoorna Consultants,"Engineering services,Performance management,Bfsi,Consulting,Employee engagement,Management consulting,Intellectual property,Wellness",13-18 Yrs,Not disclosed,Hyderabad,1959438,6.0,4.4,"<br /> <div>  <strong> <font color=""#000000"">  Job Description</font> </strong> </div> <div>  Review instances of employee misconduct,  including investigation and recommending disciplinary action weighing the extent of violation,  fairness and local employment laws. <br />  Conducting investigations in reviewing Business Ethics Line matters and conducting local employee investigations<br />  Manage Company level initiatives such as townhalls,  RR and large scale events. <br />  Work closely with HR Business Partner teams for employee wellness initiatives conceptualizing and deployment<br />  Collaborate with HR Business Partners to evaluate and develop effective approaches for implementing new HR policies,  procedures,  processes,  and managing employee relations<br />  Handling a range of employee-related matters,  including POSH,  conflict resolution,  performance management,  policy interpretation,  and employee engagement initiatives.  <br />  Collaborate closely with business leaders to enhance organizational capability by uncovering root causes of challenges and proposing actionable solutions to resolve them<br />  Be the point of escalation for all matters that concern employee relations<br /> </div>",0.0,0.0,13.0,18.0
Assistant Manager,250925509081,INR,8 Days Ago,Flipkart,"project management,media relations,customer service,ms project,program management,business development,inventory,retail",2-4 Yrs,Not disclosed,Bengaluru,1347376,11933.0,3.9,Supporting store manager as needed. Disclaimer : This job description has been sourced from a public domain and may have been modified by Naukri,0.0,0.0,2.0,4.0
IN-Senior Associate _Insurance BA _D&A _Advisory _Gurgaon,260925503366,INR,7 Days Ago,PwC Service Delivery Center,"Data analysis,Data management,Process improvement,Analytical,Trend analysis,Data collection,Data quality,Business intelligence",4-7 Yrs,Not disclosed,Gurugram,1428182,11129.0,3.3,"Degrees / Field of Study required Bachelor of Technology . <br><br>Preferred skill sets . Handson experience in data mapping,data lineage,and data quality assessment<br><br>Degrees / Field of Study preferred <br><br>Required Skills <br><br>Good writing and communication skills",0.0,0.0,4.0,7.0
Application Lead,290925921787,INR,4 Days Ago,Accenture,"application lifecycle management,sap abap development,sap fiori,sap hana,sap abap,sap,performance tuning,data dictionary",15-20 Yrs,Not disclosed,Jaipur,27117,66726.0,3.7,Educational Qualification : 15 years full time education<br><br> Must have skills : SAP ABAP Development for HANA<br><br>Your role will be pivotal in ensuring that applications are not only functional but also meet the highest standards of quality and performance. <br><br> Must To Have <br><br>Skills: Proficiency in SAP ABAP Development for HANA.- Good To Have,0.0,0.0,15.0,20.0
M1 Manager - Program Management,11025503635,INR,2 Days Ago,Payu India,"Change management,Publishing,MS project,Project management,Manager Program Management,Agile,Manager Technology,MS Office",5-7 Yrs,Not disclosed,Gurugram,2254368,529.0,3.4,"Communicate clearly (verbal / written),within the team and external (technical / non-technical) groups . Work with the Business teams for quarterly planning,requirement gathering,product-tech planning,quarterly planning list publishing<br><br>Provide visibility and transparency to the leadership team by participating in reviews and sending updates as required . .",0.0,0.0,5.0,7.0
Openings For International voice process,220925006231,INR,2 Days Ago,Sutherland,"Fluent English,Customer Support,Good Communication In English,Voice,International voice,International voice process,International,Voice process",,Not disclosed,Hyderabad,1188,8060.0,3.5,"<p><strong>Role & responsibilities</strong> </p><p> </p><p><strong>Hiring for International Voice process!!!</strong></p><p>Listening to customers concerns and handling the customer complaints and returns through call, email and chat. </p><p>Giving detailed explanations of services or products.</p><p>*Candidate should be excellent in verbal communication skills </p><p>*Should have good verbal communication skills.</p><p>*Looking for typing speed of 35WPM 90% Accuracy</p><p>*Good to have customer handling skills </p><p>*Should have good knowledge on customer support </p><p>*Graduation mandatory </p><p>*Should be flexible to work from office and night shifts </p><p>*Candidate should be in 25 kms of radius from work location</p><br /><p><strong>Sutherland Global Services</strong></p><p><strong>Sutherland, 7th floor, Divya Sree building, Lanco Hills Technology Park, Lanco Hills Private Rd, Hyderabad, Telangana 500089.</strong></p><br /><p><strong>NOTE: INTERVIEW LOCATION </strong></p><p><strong>Sutherland, 7th floor, Divya Sree building, Lanco Hills Technology Park, Lanco Hills Private Rd, Hyderabad, Telangana 500089.</strong></p><br /><p>For more details Contact<strong> HR Chandana - Mobile No: 9121760690</strong> (12PM-6PM)</p><p>We are looking for individuals and immediate joiners with strong analytical skills, a sense of responsibility, and a commitment to online content quality.</p><p>*Candidates must be within 25kms boundary limit from work location.</p><br /><p>*REGISTER YOUR DETAILS USING THE BELOW LINK:</p><p><strong><u>https://smrtr.io/sPjny</u></strong></p><br /><p> Interested? Contact <strong>HR Chandana Contact:(9121760690)</strong></p><p>Drop your resume or DM for more details!</p><br /><p><strong>Note : Sutherland never requests payment or favors in exchange for job opportunities. Please report suspicious activity immediately to TAHelpdesk@Sutherlandglobal.com</strong></p><br /><br />",0.0,0.0,0.0,2.0
Human Resource Manager-IR,240925022581,INR,9 Days Ago,Mitsu Chem,"Plant Hr,Contract Labour Management,Labour Laws,Union Management,Legal Compliance,Statutory Compliance,HR Manager,Labour Relations",10-17 Yrs,Not disclosed,Khalapur,43352,59.0,3.9,"Bachelors or masters degree in human resources,Business Administration,or related field<br><br>Proven working experience (510 years) as HR Manager or Asst<br><br>Proven working experience (5 10 years) as HR Manager or Asst",0.0,0.0,10.0,17.0
Home Loan Manager | Real Estate,160925018822,INR,7 Days Ago,Stallions Proptech Solutions,"Home Loans,Housing Loan,Housing Finance,loan,HL,Property Loan,Loan Against Property,DSA",3-8 Yrs,3-6 Lacs PA,"Vasai, Virar, Mumbai (All Areas)(Virar +1)",6811247,,,Required to work on weekends,300000.0,600000.0,3.0,8.0
Android Developer,220424003255,INR,8 Days Ago,Easemytrip,"Android Architecture,Mobile Application Development,Kotlin,Android SDK,Android Studio,Mobile Security,Java,Firebase",3-8 Yrs,Not disclosed,"Noida(Sector 63A), Gurugram",438805,569.0,4.0,"Preferred candidate profile:  . <br><br>Must have published at least one original Android app<br><br> . Role & responsibilities:  . Design and Development : Lead the architecture and development of Android applications to ensure a seamless,efficient,and robust user experience<br><br>Experience : Proven software development experience with a strong portfolio in Android skills development",0.0,0.0,3.0,8.0
Vice Principal,250925909277,INR,8 Days Ago,TM International School,"Curriculum Development,Instructional Leadership,school administration,school management,Communication,Communication skills,Development,Instructing",8-10 Yrs,Not disclosed,Bharatpur,4304264,52.0,3.3,"Teachers those are able to speak in English and having sound knowledge of Science.<br /><br /><strong>Responsibilities</strong>: To control, assist & guide to the taught in classes from VI to XII for their upbringing in the Science and Math specially in theory and practicals as per the demand of foundation course, JEE & NEET along with the activity.<br /><br /><strong>Desired profile of the candidate</strong>: Post Graduation with Bed & having the good exposure to take the desired result from taught to achieve their academic excellence and already worked at the level of PGT for good length of time.<br />Guide, assist and control the teachers and students from VI to XII.<br />",0.0,0.0,8.0,10.0
EY GDS Consulting AI and DATA Snowflake Manager,230925507373,INR,10 Days Ago,EY,"neo4j,data modeling,presentation skills,saml,data integration,communication skills,sql,docker",3-8 Yrs,Not disclosed,Hyderabad,1127058,12826.0,3.4,"Core technical stack: Snowflake,Python / PySpark,SQL,identity / security (SAML / OAuth/OIDC,MFA,RBAC),and often Kubernetes / Docker for deployment patterns. Should have strong technical expertise in Neo4j. Data architecture depth: Data modelling,data integration / ETL,batch and streaming pipelines,data quality / profiling/cleansing,MPP designs,and data governance frameworks",0.0,0.0,3.0,8.0
Sales Executive,31025006624,INR,Today,Sharpassets Consultancy,"Sales,Real Estate Sales,Communication Skills,Negotiation,Good English Communication,Noida Jobs,B2C Sales,Sales And Marketing",0-1 Yrs,1.8-3.6 Lacs PA,Noida,125141153,,,"<p>Responsibilities:</p><p>* Generate leads through cold calling and networking</p><p>* Close deals with strong negotiation skills</p><p>* Collaborate on marketing strategies for new projects</p><p>* Manage sales pipeline from prospect to close</p>

Annual bonus
Performance bonus",180000.0,360000.0,0.0,1.0
Application Architect-Oracle Cloud Applications,290925919936,INR,4 Days Ago,IBM,"oic,oracle cloud,application architectures,solution design,solution implementation,c#,oracle,software development",8-13 Yrs,Not disclosed,Hyderabad,16987,24311.0,3.9,Bachelors Degree . <br><br>Masters Degree . <br><br>Required education <br><br>Preferred education <br><br>Required technical and professional expertise . <br><br>Must have full understanding of all project phases and associated deliverables and staffing<br><br>Preferred technical and professional experience . <br><br>Experience in Oracle Cloud Implementation projects,0.0,0.0,8.0,13.0
Senior Associate - Revenue Assurance,250925500938,INR,8 Days Ago,TerraPay,"BPO,Dispute resolution,General accounting,Revenue assurance,MIS,Reconciliation,Healthcare,Operations",2-7 Yrs,Not disclosed,Bengaluru,124650460,105.0,3.5,"Commitment to working the hours required to fulfil the job,including flexibility of working in shifts<br><br>Minimum Graduate with 2 years of experience in Finance sector or BPO industry<br><br> Ad-hoc Support and Audits: Assist in ad-hoc tasks and provide support during audits as required<br><br>We believe payments should be instant,reliable,transparent,seamless,and fully compliant",0.0,0.0,2.0,7.0
HVAC Sen.Design Engineer( Mep consultant exp. required),11025012951,INR,2 Days Ago,Talents Tuner & Businesses,"AutoCAD,Hvac Design,REVIT,Heat Load Calculation,Requisition,Design,MEP,Calculation",10-20 Yrs,Not disclosed,Ahmedabad,123950161,,,"We are seeking a skilled and detail-oriented Sen.HVAC Design Engineer. The ideal candidate will be responsible for designing efficient heating, ventilation, and air conditioning systems for residential, commercial, or industrial projects.",0.0,0.0,10.0,20.0
Junior Mechanical Engineer,300725022660,INR,9 Days Ago,Hindalco Industries,"Hydraulics,Cooling Tower,Rolling Mill,Compressors,Mechanical,Tower,Rolling",2-4 Yrs,1-5 Lacs PA,Dahej,123560493,3648.0,4.2, . Note- Only Diploma graduates from govt polytechnic college are eligible and interested candidates can share their updated CVs to sreelekshmi.nair@adityabirla.com <br><br>To prepare suitable blend as per concentrate availability and furnace requirement in smelter 3 in coordination with PPC,100000.0,500000.0,2.0,4.0
Finance Sr Mgr @ Sanand,210525017388,INR,7 Days Ago,SV Management Consultants,"SAP,Budget Preparation,Forecasting,Balance Sheet,Financial Planning,Finance Control,GL,Finance",10-17 Yrs,20-30 Lacs PA,Sanand,4962,,,CA /ICWA - Qualified with Senior level experience in manufacturing<br><br> experience in MIS reporting is desirable,2000000.0,3000000.0,10.0,17.0
Zonal Manager,180925011650,INR,9 Days Ago,IndiaMART,"Client Servicing,Team Management,People Handling,Cross Selling,Renewals,B2B Sales,Revenue Generation,Churn",7-10 Yrs,Not disclosed,Jaipur,18735,5482.0,3.6,Proven experience in building and managing channel partners and leading large sales acquisition teams,0.0,0.0,7.0,10.0
Record To Report Ops Specialist,230925916883,INR,10 Days Ago,Accenture,"balance sheet,presentation skills,process improvement,ifrs,record to report,financial analysis,forecasting,auditing",7-11 Yrs,Not disclosed,Hyderabad,27117,66727.0,3.7,Skill required: Record To Report - Balance Sheet Account Reconciliations. <br><br>Qualifications: BCom / MCom/Master of Business Administration . Years of Experience: 7 to 11 years,0.0,0.0,7.0,11.0
AEM Business Analyst,300925019042,INR,3 Days Ago,Capgemini,"Aem,Business Analysis,Requirement Gathering,Requirements,Analysis",6-9 Yrs,Not disclosed,"Hybrid - Bengaluru, Delhi / NCR, Mumbai (All Areas)",7053,48684.0,3.7,"Adobe Experience Manager (AEM) Deep understanding of AEM Sites,Assets,Workflows,and Components<br><br>In This Role,You Will Play a Key Role In:  . Collaborating with business stakeholders to understand digital experience goals and translate them into AEM requirements",0.0,0.0,6.0,9.0
Cluster Relationship Manager,31025500562,INR,Few Hours Ago,Catholic Syrian Bank (CSB Bank),"Lead generation,C,Banking,Relationship,government business,Management,banking products,Relationship management",3-7 Yrs,Not disclosed,Kollam,2933178,1555.0,3.2,"Experience: 3 to 7 Years. Qualification: Graduation minimum.  . Acquisition of HNI Govt & Institutional Banking clients eg: Municipal Corporations,State Government Departments,Central Government Departments,Govt",0.0,0.0,3.0,7.0
Automation Compliance Qualification Engineer,290925909692,INR,4 Days Ago,IBM,"python,server hardware,documentation,networking,linux,rest,css,lab testing",2-5 Yrs,Not disclosed,Bengaluru,16987,24311.0,3.9,"<br /> <br />About The Role IBM Cloud Position in Bangalore, India for a Hardware Server Qualification support Engineer involving Programming, Automation, Security, Compliance, Qualification, and Regression Testing. This role is related to component and server qualification for the latest x86 server technology, GPU accelerator technology (for Artificial Intelligence and Machine Learning workloads), and networking technology used in high density systems to support an enterprise Cloud customer base for the IBM Public Cloud. This position is for an engineer proficient in programming and automation of firmware to be deployed in worldwide data centers. The individual will work on a small team and should be very detail oriented with excellent documentation and communication skills. Programming experience (Linux and Python) along with Hardware knowledge and familiarity with x86 computer servers, components, and GPU based systems is preferred. The candidate should also be familiar with server hardware subsystems including processor memory storage, I/O adapters, PCI busses and switches, and BMCs. Familiarity with FW/BIOS updates and settings and network booting is preferred and knowledge of JIRA, Redfish, and xCAT, and security vulnerabilities/compliance along with patching of systems out of compliance is a definite advantage.<br /> <br /> <br /> Required education <br /> Bachelor's Degree <br /> <br /> Preferred education <br /> Master's Degree <br /> <br /> Required technical and professional expertise <br /> Required Skills - Candidate should be detail oriented with excellent documentation and communication skills and very comfortable/experienced in the following Lab Testing areas: Ability to program using Linux and Python<br /> Good understanding/familiarity of Python coding/Redfish/OpenBMC<br /> Comfortable with Server level BMC, BIOS, and firmware<br /> Automation of BMC and BIOS firmware updates to the field<br />Familiarity with server bring-up including firmware/bios updates, bios settings, network boosting, and basic networking is very beneficial<li></li>Clear Documentation and Communication of Results<li></li> Strong understanding of server hardware and networking design <br /> <br /> Preferred technical and professional experience <br /> Preferred <br /><br /><b>Skills:</b><li> The preferred skills are a plus and candidates are not expected to possess all of these. On The Job training will be provided for new skills necessaryProficient at Qualification/Verification of server & component level Hardware & Firmware Functions, and Data Analysis</li><li></li>Familiarity with server hardware design including processors, memory, storage drives, I/O adapters, BIOS, and BMC<li></li> Good understanding of server hardware and components (CPUs, DIMMs, Drives, NIC Cards, etc.)",0.0,0.0,2.0,5.0
Business Development Executive,210825011885,INR,6 Days Ago,Binny Wads,"Client Relationship Management,B2B Sales,Presentation Skills,Lead Generation,Travel Planning,Client Meeting,Business development,Presentation",1-4 Yrs,10-12 Lacs PA,"Mumbai, Hyderabad, Bengaluru",12021,17.0,2.7,"Must have prior experience in B2B sales and operations.
Responsible for attending client meetings to secure new orders and build business.
Prepare presentations and sales reports for management.",1000000.0,1200000.0,1.0,4.0
Product Manager - Mumbai - OTC- Andheri Location,230925020708,INR,10 Days Ago,Extrius Consultants,"PMT,OTC,Product Manager,New Product Launch,New product,Product management,Launch,Management",3-8 Yrs,19-34 Lacs PA,"Thane, Navi Mumbai, Mumbai (All Areas)",2920738,,,"Identifying new market opportunities,launching and nurturing brand Bpharma + MBA from a reputed Institute",1900000.0,3400000.0,3.0,8.0
SAP SD Consultant,250925913156,INR,8 Days Ago,IDESLABS PRIVATE LIMITED,"sharepoint,html,sd module,configuring,javascript,css,user support,sap sd",5-7 Yrs,Not disclosed,Mumbai,5003360,,,Minimum of 5 years designing and configuring SD modules.  . Ability to multitask and manage multiple deliverables and projects at the same time. <br><br>Able to understand business requirement and work independently in SD areas,0.0,0.0,5.0,7.0
QA Automation Engineer (Oracle Utilities),31025020410,INR,Just Now,Arroyo Consulting,"Playwright,Oracle Utilities,Test Scripts,Oracle C2M,Automation Testing,WAM,Visual Studio,Scripting",3-8 Yrs,Not disclosed,Remote,123468093,,,"Azure DevOps Services (error tracking & documentation). Playwright (preferred),Selenium. <br><br>The ideal candidate should have experience in Oracle Utilities (not necessarily expert level) and solid technical depth in test automation tools.  <br><br>Experience building testing frameworks and familiarity with ERP processes (supply chain,work and asset,financial,etc.)",0.0,0.0,3.0,8.0
Sr. Business Analyst,31025500107,INR,Few Hours Ago,Tech Mahindra,"Application support,Senior Business Analyst,Troubleshooting,Senior,Business analysis,Application,SR",3-12 Yrs,Not disclosed,Bengaluru,1430370,39993.0,3.4,"Common : Experience with Cerner Application support,Incident resolution,Implementation of Cerner Millennium Projects. <br><br>Experience in configuring and troubleshooting CERNER solution functionalities / Components.",0.0,0.0,3.0,12.0
Application Developer,250925922601,INR,8 Days Ago,Accenture,"business process mapping,sap sd,distribution,sap presales,application configuration,sap,data analysis,business analysis",3-8 Yrs,Not disclosed,Bengaluru,27117,66727.0,3.7,"Educational Qualification : 15 years full time education. Summary :As an Application Developer,you will design,build,and configure applications to meet business process and application requirements<br><br> Project Role Description : Design,build and configure applications to meet business process and application requirements. Must have skills : SAP Sales and Distribution (SD)",0.0,0.0,3.0,8.0
BBM -Branch Business Manager,260925923837,INR,7 Days Ago,Talent21,"Loan Against Property,Housing Loan,Lap,Branch Handling,Secured Loan,Branch Management,Home Loans,Mortgage Loans",4-8 Yrs,4-6.5 Lacs PA,Srikakulam,2156014,,,4 .To find new micro markets and empanel good quality referral partners to scale up Micro LAP business & Gold backed secured business loan <br><br>5 .To Constantly look out for opportunities for improve customer experience by giving inputs to the Sr. Management for addressing the unmet needs of the customer,400000.0,650000.0,4.0,8.0
"Sr Production Engineer -Frozen Foods, Jejuri ,PUne,Relocated Can apply",300925917400,INR,3 Days Ago,HR Innovation Group,"Food Manufacturing,Frozen,Agri,Food Technology,Food Engineering,Food Processing,Production Operations,FMCG",4-8 Yrs,3.5-4.5 Lacs PA,Aurangabad,6398332,,,"<p><strong>Preferred candidate profile</strong> </p><br /><br /><p>Post - Sr Production Engineer -Frozen Foods</p><p>Location - Pune Jejuri </p><p>Experience -05-08 yrs</p><p>skills - Production , Frozen Foods</p><p>Contact  - 9356395439</p><p>Email - jobpune22@gmail.com</p>",350000.0,450000.0,4.0,8.0
UI UX Developer -Bangalore,250925011356,INR,4 Days Ago,Infosys,"Ui/Ux,User Interfaces,Graphic Designing,Interfaces,Development,UI UX Development,Usage,UI",4-9 Yrs,Not disclosed,"Hyderabad, Chennai, Bengaluru",124269780,44792.0,3.5,<p> </p><p>Hiring for UI/UX Developer with experience range 1 to 18 Years</p><br /><p>Mandatory Skills:  UI/UX Developer </p><br /><p>Education: BE/B.Tech/BCA/MCA/M.Tech/BSc/MSc</p><br /><p>Interview Mode-F2F</p>,0.0,0.0,4.0,9.0
GCP data engineer,250925010736,INR,8 Days Ago,GIG Consultants,"Bigquery,Python,GCP,Data Flow,Flow,Data",3-8 Yrs,15-30 Lacs PA,"Hybrid - Kolkata, Hyderabad, Pune, Ahmedabad, Chennai, Bengaluru, Delhi / NCR, Mumbai (All Areas)",5756738,,,"We are seeking an experienced GCP Data Engineer to design, build, and maintain scalable data pipelines and platforms on Google Cloud.",1500000.0,3000000.0,3.0,8.0
TAPI Tester,250925931182,INR,8 Days Ago,Krazy Mantra HR Solutions Pvt. Ltd,"nms testing,python,linux commands,netconf,sdn,automation framework,robot fw,rest",5-10 Yrs,Not disclosed,"Chennai, Bengaluru",3464282,,,Any graduate degree is required<br><br> We are looking for a skilled TAPI Tester with 5 to 12 years of experience<br><br>Experience with RestAPI testing and creating test suites and test cases,0.0,0.0,5.0,10.0
Strategy Manager,260625034578,INR,4 Days Ago,Godrej Properties,"Business Strategy,Corporate Strategy,Financial Modelling,Business Planning,Corporate Planning,Growth Strategy,Strategic Planning,Corporate",2-4 Yrs,Not disclosed,Pune,1428216,567.0,4.1,"MBA from Tier 1 (IIMs / ISB/MDI / XLRI/FMS) or international business schools<br><br>Experience: Minimum 2 years experience in a Top Management consulting firm such as McKinsey,Bain,BCG and A.T. Kearney <br><br>Skills Required:  . Ability to think logically and breakdown complex business problems into manageable tasks<br><br>Minimum 3 years of experience working with C-Suite",0.0,0.0,2.0,4.0
Email Support Executive,201023007166,INR,2 Days Ago,I Way Solutions,"Good Comm Skills,Email support,Email,Comm Skills,Comm",0-5 Yrs,2.25-3.75 Lacs PA,"Mohali, Chandigarh, Panchkula",1767196,,,Graduate & Post Graduates also required<br><br>solving customer problems as per requirement<br><br>raising complaints whenever required<br><br>providing over all customer service candidates must be 12th at least<br><br>must have good comminutions skills with Good knowledge of computer,225000.0,375000.0,0.0,5.0
Student Advisory Services - Sr. Associate Sales,81024016566,INR,4 Days Ago,GUS EDUCATION INDIA,"International Sales,Global Sales,Bpo Sales,Excellent Verbal And Written Communication Skills,Written Communication,Canada Sales,Excellent Communication In English,Strong Interpersonal Skills",2-6 Yrs,2.25-7 Lacs PA,Hyderabad,4833594,466.0,3.1,MINIMUM QUALIFICATION . Bachelors degree in a related field is preferred<br><br>Any certification in consultative selling or sales SKILLS<br><br>Experience with Canadian institutes / immigration will be preferred<br><br>Please call me between 11 and 6 p.m. on 7013876113 HR Razvi Note: Calls will be answered only from given time Monday through Friday. .,225000.0,700000.0,2.0,6.0
Technical Lead - L1,240925910057,INR,9 Days Ago,Wipro,"technical leadership,technical support,kafka streams,kafka,troubleshooting,hive,web services,scala",5-8 Yrs,Not disclosed,Bengaluru,1384,59858.0,3.7,"<br /><b> About The Role </b>  <br />Role Purpose    <br />The purpose of the role is to support process delivery by ensuring daily performance of the Production Specialists, resolve technical escalations and develop technical capability within the Production Specialists. <br /><br /><br /><b>Do </b>  <li>Oversee and support process by reviewing daily transactions on performance parameters  </li><li>Review performance dashboard and the scores for the team </li> <li>Support the team in improving performance parameters by providing technical support and process guidance </li> <li>Record, track, and document all queries received, problem-solving steps taken and total successful and unsuccessful resolutions </li> <li>Ensure standard processes and procedures are followed to resolve all client queries </li> <li>Resolve client queries as per the SLAs defined in the contract </li> <li>Develop understanding of process/ product for the team members to facilitate better client interaction and troubleshooting </li> <li>Document and analyze call logs to spot most occurring trends to prevent future problems </li> <li>Identify red flags and escalate serious client issues to Team leader in cases of untimely resolution </li> <li>Ensure all product information and disclosures are given to clients before and after the call/email requests </li> <li>Avoids legal challenges by monitoring compliance with service agreements   <br /> </li><li>Handle technical escalations through effective diagnosis and troubleshooting of client queries  </li><li>Manage and resolve technical roadblocks/ escalations as per SLA and quality requirements </li> <li>If unable to resolve the issues, timely escalate the issues to TA & SES </li> <li>Provide product support and resolution to clients by performing a question diagnosis while guiding users through step-by-step solutions </li> <li>Troubleshoot all client queries in a user-friendly, courteous and professional manner </li> <li>Offer alternative solutions to clients (where appropriate) with the objective of retaining customers and clients business </li> <li>Organize ideas and effectively communicate oral messages appropriate to listeners and situations </li> <li>Follow up and make scheduled call backs to customers to record feedback and ensure compliance to contract SLAs   <br /> </li><li>Build people capability to ensure operational excellence and maintain superior customer service levels of the existing account/client  </li><li>Mentor and guide Production Specialists on improving technical knowledge </li> <li>Collate trainings to be conducted as triage to bridge the skill gaps identified through interviews with the Production Specialist </li> <li>Develop and conduct trainings (Triages) within products for production specialist as per target </li> <li>Inform client about the triages being conducted </li> <li>Undertake product trainings to stay current with product features, changes and updates </li> <li>Enroll in product specific and any other trainings per client requirements/recommendations </li> <li>Identify and document most common problems and recommend appropriate resolutions to the team </li> <li>Update job knowledge by participating in self learning opportunities and maintaining personal networks <br /><br /><b>Mandatory Skills:</b></li><li> Kafka Integration .<br /><br /> Experience5-8 Years .<br /><br /></li>",0.0,0.0,5.0,8.0
Oracle Fusion Subscription Management Consultant,230925917922,INR,10 Days Ago,Jade Global,"revenue recognition,documentation,billing,revenue management,pricing,bi publisher,kubernetes,erp",8-13 Yrs,Not disclosed,Pune,81371,341.0,3.4,"<p>We are looking for a highly experienced <b>Oracle Fusion Subscription Management Consultant</b> to lead the design, configuration, and implementation of Oracle Subscription Management Cloud solutions. This role is critical to driving digital transformation initiatives, enabling efficient subscription lifecycle management, and aligning technology with evolving business models in subscription-based environments.</p><div></div><p><b>Key Responsibilities:</b></p><ul><li>Production support and enhancement of Oracle Fusion Subscription Management Cloud.</li><li>Act as a subject matter expert (SME) on subscription lifecycle processes, including order capture, billing, amendments, renewals, and cancellations.</li><li>Design scalable and compliant subscription billing models tailored to business needs.</li><li>Collaborate with Finance, Sales Ops, and IT teams to integrate Subscription Management with Oracle Financials, Revenue Management.</li><li>Own and drive solution architecture, business requirement gathering, and functional design documentation.</li><li>Support integration efforts with external systems.</li><li>Oversee and mentor junior consultants and offshore teams.</li><li>Lead testing cycles, user training, data migration, and post-production support.</li><li>Ensure compliance with accounting standards (e.g., ASC 606) and internal controls.</li></ul><div></div><p><b>Qualifications:</b></p><ul><li>8+ years of overall experience in Oracle ERP/Cloud implementations, with <b>minimum 3 years in Oracle Subscription Management Cloud</b>.</li><li>Deep functional understanding of Oracle Receivables, Revenue Management, Billing, and Pricing.</li><li>Proven leadership in at least 2 end-to-end Oracle Cloud Subscription Management implementations.</li><li>Hands-on experience in configuring product/service-based subscription models.</li><li>Strong knowledge of recurring billing, usage-based pricing, and revenue recognition.</li><li>Familiarity with Oracle Cloud reporting tools like OTBI and BI Publisher.</li><li>Excellent analytical, documentation, and communication skills.</li><li>Ability to manage multiple stakeholders and complex project timelines.</li></ul><div></div><p><b>Preferred Certifications:</b></p><ul><li>Oracle Cloud Subscription Management Certification</li><li>Oracle Financials Cloud Certification (AR, RMCS)</li></ul>",0.0,0.0,8.0,13.0
BPO Voice Support | US/UK/Canada Process | Immediate Joining,230925022217,INR,10 Days Ago,JobShop,"BPO,Customer Service,Voice Process,Bpo Voice,International Voice Process,International Call Center,AUS shift,US Sales",0-5 Yrs,3-6 Lacs PA,Bengaluru,1479540,,,"shift: Rotational . <br><br> salary: 5 to 6 LPA . Qualification: Graduation passed,Excellent English communication",300000.0,600000.0,0.0,5.0
Application Developer,230925933378,INR,10 Days Ago,Accenture,"web services,microservices,sql,rest,spring boot,css,hibernate,jquery",3-8 Yrs,Not disclosed,Hyderabad,27117,66727.0,3.7,Educational Qualification : BTech or MTech or MCA with IT or CSE or EEE or ECE15 years full time education<br><br> Must have skills : Spring Boot<br><br> Good to have skills : NAMinimum . 3 year(s) of experience is required<br><br>Skills:  - . Must To Have <br><br>Skills: Proficiency in Spring Boot.- Good To Have,0.0,0.0,3.0,8.0
Letter of Credit - Payments || Bengaluru & Hyderabad,230925019477,INR,10 Days Ago,Imaginators Try Going Beyond,"Letter Of Credit,Trade Finance,UCP,URR,LC,URC,ISBP,Document Checking",1-6 Yrs,4-9 Lacs PA,"Hyderabad, Bengaluru",744755,,,"Hiring for a Top BPM 
1 Year min of experience in Trade Finance Domain, UCP, ISBP, ISP, Incoterms 2020, URR, URC, OFAC, Boycott Language, Red Flag 
Sal upto - 3.8 to 9 LPA
Notice - 30 days max

Share resume on shikha@imaginators.co",400000.0,900000.0,1.0,6.0
"Sofware Development Engineer 2, Digital Accelaration",300925503357,INR,3 Days Ago,Amazon,"Computer science,Automation,NoSQL,Business transformation,Coding,Agile,Data structures,Internship",3-8 Yrs,Not disclosed,Bengaluru,728574,28774.0,4.0,"3+ years of non-internship professional software development experience <br><br>2+ years of non-internship design or architecture (design patterns,reliability and scaling) of new and existing systems experience <br><br>Experience working with high-traffic,scalable services is a plus<br><br>3+ years of Video Games Industry (supporting title Development,Release,or Live Ops) experience",0.0,0.0,3.0,8.0
Sr. Manager- II - IT SC,300925503958,INR,3 Days Ago,ICICI Prudential Life,"Computer science,ISO,Information security,Disaster recovery,Network security,Incident management,Risk management,Information technology",8-15 Yrs,Not disclosed,Mumbai,1617326,7193.0,4.0,"Knowledge ofSDLC (Software Development Life Cycle)Certification ofCA,CPA or CIA (or actively working towards) or other similar certificationswould be an added advantage . Demonstratedin-depth knowledge of concepts,best practices and controls in a breadth ofInformation Security areas / domains .",0.0,0.0,8.0,15.0
.NET + SPO (SharePoint Online) Professional,250925927813,INR,8 Days Ago,Krazy Mantra HR Solutions Pvt. Ltd,"web parts,workflow analysis,troubleshooting,api,sdlc process,c#,issue management,css",5-10 Yrs,Not disclosed,Hyderabad,3464282,,,"The ideal candidate will have 5 to 11 years of experience.  <br><br>Experience with APIs,Azure services,and SDLC methodologies",0.0,0.0,5.0,10.0
PROCESS INNOVATION PROFESSIONAL-RECORD To REPORT - PROJECT MANAGER,290925910339,INR,4 Days Ago,IBM,"accounts receivable,accounts payable,accounting,r2r,fixed asset accounting,financial analysis,six sigma,sap",6-8 Yrs,Not disclosed,Bengaluru,16987,24311.0,3.9,"Bachelors Degree . <br><br>Masters Degree . <br><br>Bachelor s degree in finance,Accounting,Economics,or related field<br><br>Required education <br><br>Preferred education <br><br>Required technical and professional expertise . <br><br>Preferred technical and professional experience . Proactive and ambitious individual with the ability to work independently and as part of a team.",0.0,0.0,6.0,8.0
Event Production and Operation Execuitve,260925031053,INR,7 Days Ago,LIVXS ,"Venue Management,Corporate Events,Client Servicing,Event Production,Media Management,Negotiation,PR,Hospitality Management",1-4 Yrs,2.5-3.25 Lacs PA,"Gurugram(Sector 43), Delhi / NCR",124719215,8.0,3.2,"Seeking an s Executive to manage logistics, timelines, on-ground execution, and team coordination for weddings, shoots, and events. It requires production management, vendor management, knowledge of media operations, and proficiency with Zoho tools.",250000.0,325000.0,1.0,4.0
Senior Product Manager,240925034553,INR,9 Days Ago,Skillventory,"Machinery Loan,Machinery Finance,Equipment Finance,Product manager,strategy,Management,Machinery,Product management",3-8 Yrs,Not disclosed,"Mumbai, Navi Mumbai, Mumbai (All Areas)",258014,,,"<p><strong>Role & responsibilities</strong> </p><br /><p>  Develop & manage end-to-end machinery finance products<br />  Define pricing, credit policy, documentation, and customer journey<br />  Collaborate with Sales, Risk, Ops, Legal & Tech teams<br />  Build partnerships with OEMs, dealers & channel partners<br />  Lead Go-to-Market strategies and launch plans<br />  Monitor product performance & profitability<br />  Drive digitization via LOS, LMS & workflow automation<br />  Ensure regulatory & policy compliance</p><br />",0.0,0.0,3.0,8.0
Senior Data Scientist,260925501105,INR,7 Days Ago,Mindtree,"GIT,orchestration,Architecture,Scalability,Agile development,Programming,data privacy,SDK",3-6 Yrs,Not disclosed,Pune,124878827,23764.0,3.7,<p> Job Title Gen AI Developer Python Agentic AI Location Pune Kharadi Hybrid 3 days a week from client office Shift Timing General Experience 3 to 6 Years<br /> <br />Role Overview We are looking for a passionate and skilled GenAI Developer to join our team focused on building intelligent agentic AI solutions using Python The ideal candidate will have handson experience in developing applications powered by Large Language Models LLMs Generative AI and multiagent orchestration frameworks This role offers the opportunity to work on cuttingedge AI technologies in a collaborative and agile environment Key Responsibilities Develop and deploy GenAI applications using Python and modern AI frameworks Build and optimize RAG pipelines integrate LLMs and manage vector databases Collaborate with crossfunctional teams including data scientists DevOps and product managers Implement and maintain agentic AI workflows using orchestration tools Ensure code quality scalability and performance of AIdriven applications Stay updated with the latest advancements in GenAI and agentic systems Required Skills Technologies Strong programming skills in Python Experience with LLM frameworks eg LangChain Hugging Face OpenAI SDK Familiarity with vector databases eg FAISS Pinecone Weaviate Understanding of RAG architecture prompt engineering and token optimization Exposure to agentic AI frameworks and multiagent orchestration Experience with AWS Databricks PySpark and SQL Knowledge of Git CICD pipelines and Agile development practices Preferred Qualifications Prior experience in building GenAI or NLPbased applications Understanding of ethical AI principles and data privacy Certifications in AIML or cloud platforms AWS Azure Strong problemsolving and communication skills  </p> <,0.0,0.0,3.0,6.0
Servicenow_Professional,230925504366,INR,10 Days Ago,Diverse Lynx,"rest,css,web services,maven,jsp,jdbc,hibernate,javascript",2-7 Yrs,Not disclosed,Chennai,1863926,359.0,3.5,"<div> <ul> <li> <div> Design, develop, configure, and customize ServiceNow applications and workflows, including Incident, Problem, Change, Asset, and Service Catalog modules. </div> </li> <li> <div> Develop server-side and client-side scripting, UI policies, business rules, workflows, UI actions, and custom applications. </div> </li> <li> <div> Integrate ServiceNow with other enterprise systems using REST, SOAP, and other APIs. </div> </li> <li> <div> Administer and maintain the ServiceNow platform including upgrades, patches, and performance tuning. </div> </li> <li> <div> Collaborate with stakeholders to gather requirements and translate them into technical solutions. </div> </li> <li> <div> Troubleshoot and resolve platform issues promptly. </div> </li> <li> <div> Develop and maintain technical documentation and user guides. </div> </li> <li> <div> Ensure compliance with ITIL best practices and support process improvements. </div> </li> <li> <div> Train and support end-users and team members on ServiceNow functionalities </div> </li> </ul> </div>",0.0,0.0,2.0,7.0
Trust & Safety New Associate,230925932783,INR,10 Days Ago,Accenture,"customer service,creative writing,moderation,content writing,stress analysis,digital marketing,market research,AIOC-S01590048",0-1 Yrs,Not disclosed,Navi Mumbai,27117,66726.0,3.7,"Qualifications: Any Graduation <br><br>The Trust and Safety offering within Accenture Operations helps keep the internet safe and helps platform companies accelerate,scale,and improve their businesses.Content moderators serve as an important line of defense by helping improve the quality and safety of online content while gaining hands-on job experience<br><br> Years of Experience: 0 to 1 years .",0.0,0.0,0.0,1.0
Manager - Data Science,300925918049,INR,3 Days Ago,Axtria,"python,gpm,javascript,django,flask,ansi x2,as2,environmental monitoring",5-6 Yrs,Not disclosed,Gurugram,1466492,714.0,2.9,"<br /><b> Your Responsibilities includes but not limited. </b> <br /><br /><b>  </b> <br /><li>Be an Individual Contributor in the Analytics and Development team and solve real-world problems using cutting-edge capabilities and emerging technologies based on LLM/GenAI/GPT </li><li>Software development experience in python is needed as backend for UI based applications </li><li>Be a part of large delivery teams working on advanced projects when expert assistance is required. </li><li>Deliver advanced Data Science capabilities to businesses in a meaningful manner through successful proof-of-concept solutions, and later smoothly transition the proof-of-concept into production. </li><li>Create Technical documents, develop, test, and deploy data analytics processes using Python, SQL on Azure/AWS platforms </li><li>Can interact with client on GenAI related capabilities and use cases </li><br /><br /><br /><br /><br /><b> Must have <br /><br /><br /></b><b>Skills:</b><li>  <br /><br /><br /></li><li>Minimum of 5-6 years develop, test, and deploy Python based applications on Azure/AWS platforms </li><li>Must have basic knowledge on concepts of Generative AI / LLMs / GPT </li><li>Deep understanding of architecture and work experience on Web Technologies </li><li>Python, SQL hands-on experience </li><li>Expertise in any popular python web frameworks e.g. flask, Django etc. </li><li>Familiarity with frontend technologies like HTML, JavaScript, REACT </li>",0.0,0.0,5.0,6.0
"Title Search--(Full Search,COS,TOS)",150925008599,INR,Few Hours Ago,Venpa Staffing,"US Mortgage,Current Owner Search,Title Search,Netronline,Full Search,Tos,Searching,Current",1-6 Yrs,1-4.5 Lacs PA,Chennai,756229,,,"Location: Work From Home<br><br>Shift: Night Shift (Flexible to work extended hours / weekends when required)<br><br>Qualification: Any Graduate<br><br>Skills Required:  . Proficiency in Nationwide Title Search .  . Hands-on experience with Netronline and other title plants / tools .  . Good command of MS Office (Word,Excel,Outlook) .  <br><br>Experience: 1 5 years",100000.0,450000.0,1.0,6.0
Field Service Engineer,230925931379,INR,10 Days Ago,ABB,"abb,machine learning,service engineering,process control,hmi design,instrumentation engineering,field service,software testing",10-15 Yrs,Not disclosed,Bengaluru,6611,3102.0,4.1,"familiarity with other ABB systems like Freelance,and communication protocols such as Profibus,Modbus,and OPC would be beneficial<br><br>Have 510 years of practical experience in service engineering for ABB Symphony or 800xA systems in the Oil & Gas sector<br><br>Extensive experience with ABB System 800xA for at least 2 years",0.0,0.0,10.0,15.0
Assistant Pharmacist,270725002801,INR,1 Day Ago,Medichemist,"Pharmacy,Medicine,Hospital,Assistance",0-2 Yrs,"80,000-1.25 Lacs PA","Ghaziabad(Sahibabad Industrial Area Site 4 +1), Delhi / NCR",124976295,,,"MALE candidate ONLY Freshers are preferable. 

Able to read prescription, have experience on Marg software, able Manage the pharmacy Store independentlly, able to find shortage and place order, able to Handle coustmer.Diploma/12th/D.Pharma/Any Graduate ",80000.0,125000.0,0.0,2.0
payroll,260925019706,INR,7 Days Ago,Foxconn,"Compliance Management,Statutory Compliance,End To End Payroll,TDS,PF,ESI,Salary Processing,Payroll Processing",1-3 Yrs,Not disclosed,Bengaluru(Devanahalli Road),4497964,2021.0,3.8,Should be well versed in handling half year returns and year end returns,0.0,0.0,1.0,3.0
"Maintenance Engineer - Immediate ,Chakan kuruli phata",290925001466,INR,4 Days Ago,HR Innovation Group,"Plastic,Maintenance,Rubber,Moulds,Plastic Injection Molding,Mould Maintenance,Cipet,Polymer",5-10 Yrs,3-6 Lacs PA,Pune(Talegaon +1),6398332,,,<p> </p><p><strong>post- Maintenance</strong></p><p><strong>Experience- 3 To 10 Years</strong></p><p><strong>Email - punejob2025@gmail.com</strong></p><p><strong>Contact - 9356395439</strong></p><p><strong>Location - Chakan</strong></p><p><strong>Skills</strong></p><p><strong>breakdown</strong></p><p><strong>preventive</strong></p><p><strong>documentation</strong></p><p><strong>Rubber / Plastics</strong></p>,300000.0,600000.0,5.0,10.0
TM  - MFG (Production),31025012845,INR,Just Now,Saint Gobain,"Production,5S Methodology,Manufacturing,MFG,TM",0-3 Yrs,1-3.5 Lacs PA,Sriperumbudur,2888078,1867.0,3.9,Prior experience in a manufacturing or production setting is a plus,100000.0,350000.0,0.0,3.0
Assistant Manager | Office Services/ Office leasing,11025500082,INR,2 Days Ago,Colliers,"Due diligence,Compliance,Competitor analysis,Client coordination,Leasing,Market research,Analysis,Marketing",2-6 Yrs,Not disclosed,Gurugram,2257904,1069.0,3.9,"<div>  <ul>  <li>  <p> Assist in identifying and sourcing prospective tenants for commercial properties. </p>  </li>  <li>  <p> Support senior team members in leasing transactions and client coordination. </p>  </li>  <li>  <p> Maintain property listings and databases of available commercial spaces. </p>  </li>  <li>  <p> Coordinate and schedule site visits with prospective clients. </p>  </li>  <li>  <p> Prepare and share proposals,  brochures,  and leasing documents. </p>  </li>  <li>  <p> Assist in lease negotiations under guidance from the senior team. </p>  </li>  <li>  <p> Keep track of leasing pipeline and prepare regular reports. </p>  </li>  <li>  <p> Liaise with landlords,  property owners,  and brokers for property listings and updates. </p>  </li>  <li>  <p> Conduct market research and competitor analysis in target micro-markets. </p>  </li>  <li>  <p> Support documentation,  due diligence,  and compliance processes.</p></li></ul></div>",0.0,0.0,2.0,6.0
Sales Trainer (International),290925010628,INR,4 Days Ago,Teleperformance (TP),"International Sales,US Sales,Uk Sales,Sales,International,Sales training,Training,Uk",1-6 Yrs,5.5-7 Lacs PA,Hyderabad,1141,34166.0,3.9,Shift : 24 / 7 rotational shift . Weekoff : 2 rotational offs. <br><br>Requirements : Need minimum 6 months on paper experience as a Sales Trainer from International process,550000.0,700000.0,1.0,6.0
Area Business Manager-Acquisition-AGRI-FIN-PROJECTS (AF),230925503098,INR,10 Days Ago,Kotak Mahindra Bank,"Relationship management,agribusiness,Team management,Banking,Commerce,Food processing,Credit risk,Management",5-10 Yrs,Not disclosed,Patiala,3389506,20307.0,3.7, . Job Requirements . Job Role . CA / Post Graduate Diploma / Post Graduate in Banking and Finance / Commerce etc<br><br>Minimum SME funding & portfolio management work experience 5 years . .,0.0,0.0,5.0,10.0
Application Lead,290925908193,INR,4 Days Ago,Accenture,"performance tuning,application design,oracle bi apps,oracle hyperion,design principles,c#,essbase,oracle",5-8 Yrs,Not disclosed,Bengaluru,27117,66726.0,3.7,"Minimum . 5 year(s) of experience is required. Educational Qualification : 15 years full time education. Summary :As an Application Lead,you will lead the effort to design,build,and configure applications,acting as the primary point of contact<br><br>Skills:  - . Must To Have . <br><br>Skills: Proficiency in Oracle Hyperion Essbase.- Good To Have .",0.0,0.0,5.0,8.0
Visual Communication Designer,11025021366,INR,2 Days Ago,Benefact,"Logo Design,Typography,Adobe Creative Suite,Print Ads,Infographics,Print Media,Brochure Design,Corporate Branding",0-3 Yrs,2.5-4 Lacs PA,Chennai(Velachery),125136715,,,"Create content for social media, web, and print. Design logos, branding, campaigns, and marketing assets. Collaborate with teams to deliver engaging, on-brand creatives across platforms.Strong in Adobe Suite, typography, and layout. Skilled in branding and content design for digital & print. Agency experience and creative portfolio preferred.",250000.0,400000.0,0.0,3.0
Senior US Technical Recruiter,21025000187,INR,1 Day Ago,Stellar360 Staffing Services,"Contract Staffing,Technical Hiring,Screening,Communication Skills,IT Staffing,Client Coordination,IT Recruitment,Sales Account Management",4-6 Yrs,5-9 Lacs PA,Hybrid - Hyderabad,5736368,,,"Location: Local to Hyderabad only<br><br>Were looking for a highly driven and hands-on Client Facing Senior IT Recruiter who is not only great at sourcing top tech talent but also brings strong communication,stakeholder management,and sales acumen to the table<br><br>46 years of hands-on IT recruitment experience (preferably in a consulting or staffing setup)<br><br>Experience: 4 to 6 Years",500000.0,900000.0,4.0,6.0
Biomedical Engineer,210625016079,INR,3 Days Ago,KarePartners,"Breakdown Maintenance,Equipment Calibration,Equipment Maintenance,Preventive Maintenance,Biomedical,Vendor Coordination,Medical Devices,Medical Equipment",2-4 Yrs,3.75-4 Lacs PA,Chandigarh,989774,67.0,3.6,Looking for person with 5-7 years of experience in Hospital managing Bio Medical profile to handle our all 6 units.He / She will be based out of our head office in Chandigarh.Must be open for travelling,375000.0,400000.0,2.0,4.0
Fullstack Developer,300925009900,INR,3 Days Ago,Integrated Softtech,"Postgresql,Microservice Based Architecture,Saas Product Development,Fullstack Development,MySQL,Node.Js,Cms Development,Git Version Control",4-7 Yrs,9-12 Lacs PA,Hyderabad(Madhapur),125045263,,,"The ideal candidate will have strong hands-on experience with PostgreSQL (including roles-wise and user-wise policies),as well as MongoDB and MySQL<br><br>This role requires not just coding proficiency but also leadership skills to manage and mentor a small team of developers while ensuring smooth project deliveries. Key Responsibilities <br><br>Hands-on experience with MongoDB and MySQL",900000.0,1200000.0,4.0,7.0
Content moderation (Marathi/Punjabi/Tamil) - Only Freshers,250925034658,INR,8 Days Ago,Wipro,"Spoken English,Content Moderation,Marathi,Punjabi,Tamil,BPO,Communication Skills,Content Editing",0 Yrs,2.25-2.5 Lacs PA,Hyderabad,1384,59857.0,3.7,Shift: Rotational Shifts with Rotational Week offs<br><br>Work in rotational shifts and observe rotational Week offs as per business requirements<br><br>Willingness to work in rotational shifts and accept rotational Week offs<br><br> Job Title: Content Moderator (Fresher)<br><br>Experience: Fresher (Graduation pass out 2020 or later)<br><br>Only relevant candidates will be contacted),225000.0,250000.0,0.0,0.0
Asset & Wealth Management professionals,260925503562,INR,7 Days Ago,Goldman Sachs,"Business process,Automation,Wealth management,Fixed income,Workflow,HTML,Investment banking,Investment management",0-4 Yrs,Not disclosed,Bengaluru,1269608,1429.0,3.4,"Bachelors or Masters degree of Finance,Economics,Business or Commerce",0.0,0.0,0.0,4.0
Sr Engineer - DSP and Sensor Integration,31025912247,INR,Few Hours Ago,Qualcomm,"c++,embedded systems development,java,software engineering,development life cycle,dsp,python,project management",2-7 Yrs,Not disclosed,Hyderabad,93105,1094.0,3.7,"Good problem solving and analytical skills<br><br>Bachelors or Masters degree in Electronics and Communication Engineering or Computer Science Engineering<br><br>Bachelors degree in Engineering,Information Systems,Computer Science,or related field and 2+ years of Software Engineering or related work experience. OR <br><br>Experience with DSP and sensor integration is a plus",0.0,0.0,2.0,7.0
Customer Support Representative-International voice Salary 6 LPA,230925009220,INR,6 Days Ago,JobShop,"Inbound Customer Service,International Call Center,Inbound Voice Process,Us Voice Process,International Voice Process,Blended Process,Cca,Bpo Customer Service",0-5 Yrs,2.25-6 Lacs PA,Bengaluru,1479540,,,"Shift: Rotational Shifts . Salary Package . Freshers: 28,000 Take Home . <br><br>Excellent Communication Skills in English . Ready to Work in Rotational Shifts . <br><br> - Freshers can start their career here<br><br>Eligibility . Freshers & Experienced Candidates . <br><br> experienced candidates can advance theirs",225000.0,600000.0,0.0,5.0
Senior Admission Counselor,290925009709,INR,4 Days Ago,Futurense Technologies,"Edtech Sales,Student Counseling,Excellent Verbal And Written Communication Skills,Lead Generation,Career Counselling,Counselling,Verbal communication,Communication Skills Written",1-5 Yrs,5-6.5 Lacs PA,Bengaluru(HSR Layout),123523707,,,"<p><strong>  About Futurense:</strong></p><br /><p> At Futurense, Indias fastest-growing AI skilling company, we are dedicated to empowering professionals for the next generation of AI-driven careers. We operate across four strategic verticals: Futurense Uni, Futurense USP, Futurense EUP, and Futurense Campus. You will be closely working with Futurense Uni, where we have partnered with prestigious IITs to equip students and working professionals across India with practical, industry-focused skills. Our mission is to ensure that graduates and professionals are job-ready in AI from day one, effectively bridging the gap between academic knowledge and real-world application. </p><br /><p><strong>Role & responsibilities:</strong></p><br /><p>  Lead Management & Conversion: </p><ul><li> Manage and convert leads for our prestigious B.S/B.Sc. program in collaboration with IIT. </li></ul><p> Counselling: </p><ul><li> Provide detailed and insightful guidance to prospective learners via phone, email, chat, and social media. </li></ul><p> Sales Funnel Management: </p><ul><li> Oversee the entire sales funneltrack inquiries, resolve student queries, follow up diligently, and manage enrolments and registrations. </li></ul><p> High Conversion Rate: </p><ul><li> Achieve high conversion rates from all lead sources (telephonic, forwarded, and referrals) to meet performance targets. </li></ul><p> Event Coordination: </p><ul><li> Engage with potential clients by attending events, seminars, and organizing webinars and information sessions. </li></ul><p> Client Information: </p><ul><li> Gather and update accurate client information through calls and video sessions and ensure timely updates on the CRM portal. </li></ul><p> Operational Monitoring: </p><ul><li> Monitor and ensure the creation of schedules and other operational tasks as per the Turnaround Time (TAT). </li></ul><br /><br /><br /><p><strong>Preferred candidate profile</strong></p><br /><p>   Qualifications: </p><ul><li> Bachelors degree with 6 months to 2 years of relevant work experience. (K12 segment experience is a plus) </li></ul><p> Skills: </p><ul><li> Outstanding oral communication and interpersonal skills. </li><li> Excellent listening and comprehension abilities. </li></ul><p> Effective Communication: </p><ul><li> Ability to communicate effectively and concisely with prospective clients. </li></ul><p> Positive & Outgoing Personality: </p><ul><li> Energetic and positive individual with a strong passion to learn and grow. </li></ul><p> Team Skills: </p><ul><li> Strong relationship-building skills and an ability to work well within a team. </li></ul><br /><br /><br /><br />",500000.0,650000.0,1.0,5.0
Sales Officer Home Loan,31025915648,INR,Few Hours Ago,Brightfuture Consultant,"field sales,business loan,channel sales,mortgage sales,business development,sales,marketing,mortgage",1-5 Yrs,Not disclosed,Palanpur,124318142,,,"Responsible for meeting monthly sales targets. minimum1 years experience in sales job,freshers can also apply who want to start a career in Sales,50% Sales and 50% Office Job,Team handling. min 1 yr Direct selling,Insurance,Banking,Home Loan,Mortgage,Freshers also apply . Keywords",0.0,0.0,1.0,5.0
SAP Treasury (BD) Professional,250925932633,INR,8 Days Ago,Krazy Mantra HR Solutions Pvt. Ltd,"risk management,sap,cash management,treasury,sap trm,bd,macros,maintain documentation",10-15 Yrs,Not disclosed,"Chennai, Gurugram, Bengaluru",3464282,,,"We are looking for a skilled SAP Treasury (BD) professional with 10 to 15 years of experience<br><br>Experience working with SAP Treasury modules,including cash management and risk management",0.0,0.0,10.0,15.0
AI/ML Computational Science Assoc Dir,290925924828,INR,4 Days Ago,Accenture,"microsoft azure,software implementation,gcp,aws,switching,kubernetes,python,service operations",18-28 Yrs,Not disclosed,Bengaluru,27117,66726.0,3.7,Qualifications: Any Graduation <br><br>Skill required: Tech for Operations - Product Development Management,0.0,0.0,18.0,28.0
Product Sales Manager-CMS-BRANCH BANKING-CMS,260925500648,INR,7 Days Ago,Kotak Mahindra Bank,"Administration,Penetration,Networking,Branch banking,Trade finance,Wholesale banking,Analytical,System integration",2-4 Yrs,Not disclosed,Jaipur,3389506,20306.0,3.7,"<p> <strong> <u>PSM - CMS</u> </strong> </p>
<p> </p>
   
    Transaction Banking  Group 
    Product Sales Manager   Cash Management Services 
   
    Location 
    Jaipur
   
    Number of Positions 
    01
   
    Reporting Relationships 
    Area Manager
   
    Position Grade 
    M2-M3
 
<p> </p>
<p> </p>
<p>Transaction Banking Group is the Product & Sales Support function that provides product expertise to the various segments of Kotak Bank, spanning Consumer Bank, Commercial Bank and Wholesale Banking divisions. Products range from to cash management (payment & collections solutions, escrow services & dividend business to trade finance (import services, export services, funded & non-funded products and remittances), Payment Gateway.</p>
<p> </p>
<p>We are currently looking for Product Sales Managers who can sell & support Corporate/CA customers dealing with Consumer & Commercial Bank. </p>
<p> </p>
        
        <div>
         <p> <strong>Job Profile</strong> </p>
        </div>
 
<p> </p>
<p>Product Sales Manager is expected to drive the sales of following Cash Management products from all the verticals under Consumer & Commercial Bank which includes Branch Banking, Privy, Wealth, TASC, Agri, WCG, ECG. </p>
<p> </p>
<ul>
 <li>Collections Solutions viz. Physical Collections, Electronic Collections, Payment Gateway, NACH</li>
 <li>Payment Solution viz. Physical Payments, Electronic Payments, Dividend Mandates, IMPS etc.</li>
 <li>Escrow Business</li>
</ul>
<p> </p>
<ul>
 <li>Spot opportunities in the market, along with the relationship team, to target companies, industries and sectors and sell  suitable product offering for them</li>
 <li>Interaction with potential customers to understand the technical requirement for system integration for TBG products / services i.e. CMS with focus on Commercial Bank clients.</li>
 <li>Structuring the  transaction, won the mandate and assist the team in formulating transaction pricing to ensure revenue commensurate with risks and administrative efforts</li>
 <li>Train & enable Branch Banking Teams to sell the Cash Management Products</li>
 <li>Give demonstration of our system to branches & prospective clients.</li>
 <li>Assist the Relationship manager/Branches to close a deals</li>
 <li>Ensure desired penetration of the product in the market by the relationship team by providing marketing support, visibility campaigns and brand presence</li>
 <li>Liaise with operations team to ensure seamless deal execution and ongoing administration</li>
</ul>
<p> <i> <strong>Personal</strong> </i> </p>
<ul>
 <li>Must be a self-starter</li>
 <li>Must be sales oriented</li>
 <li>Must be market savvy, with good networking skills</li>
 <li>Must be proactive and with high energy levels</li>
 <li>Must be analytical, practical and have aptitude for trouble-shooting. </li>
 <li>Must have excellent interpersonal skills, be tenacious, detail-oriented, tough minded when needed, but diplomatic.</li>
 <li>With Banking / Finance industry </li>
 <li>Preferably an Engineer with a MBA.</li>
 <li>2-4 years of post MBA experience in selling Cash Management products </li>
</ul>
<p> <i> <strong>Professional</strong> </i> </p>
<p> </p>
<ul>
 <li>Must have able to settle in an environment requiring entrepreneurial/ building skills</li>
 <li>Keen interest to sales, structuring and implement deals </li>
 <li>Must be capable of working with a team</li>
 <li>High attention to detail and accuracy with the ability to work under pressure to meet tight deadlines</li>
 <li>Excellent communication, negotiation, and planning skills</li>
</ul>",0.0,0.0,2.0,4.0
Staff Engineer-Electrical Offshore,250925500997,INR,8 Days Ago,Black & Veatch,"Administration,Change management,Performance management,Finance,Corporate,Management,Resource management,Continuous improvement",5-10 Yrs,Not disclosed,Mumbai,1673958,186.0,4.1,"<p>We believe real value is powered by the unique skills and experiences of our professionals. The interchange of ideas from a diverse group of people gives our teams an expanded perspective and the ability to find better solutions for our clients. </p>
<p> </p>
<p> <strong>Req Id : </strong>111268 </p>
<p> <strong>Job Title :</strong> Staff Engineer-Electrical Offshore </p>
<p> <strong>Business Unit sector : </strong>CPL-BVOPS-ENGR & DEV SVCS </p>
<p> <strong>Department:</strong> BVCPL BV OPS EDS ELECTRICAL </p>
<p> <strong>Work Location : </strong>INMUMBAI2 </p>
<p> <strong>Opportunity Type</strong> <strong> :</strong> Staff </p>
<p> <strong>Relocation eligible :</strong> Yes </p>
<p> <strong>Full time/Part time :</strong> Full-Time </p>
<p> <strong>Contract Hire Only for this Project</strong> <strong>: </strong>No </p>
<p> <strong>Visa Sponsorship Available: </strong>No</p>
<p> <strong>Recruiter : </strong>Ashwini Dnyanoba Patil </p> <div> <div> <div> <b>Job Summary</b> </div> <div>Functions as a technical specialist or in a lead role. With minimal supervision, applies advanced engineering techniques and analyses. Continues building on knowledge to develop concepts and approach more complex engineering problems. May provide technical guidance over a group or supervise engineering staff on projects of low to medium complexity. May be responsible for developing, validating, and presenting specialist/technical output.</div> </div> <div> <div> <b>Key Responsibilities</b> </div> <div> <ul>
	<li>Continues developing knowledge and may provide guidance and direction on design guides, standards, systems, applicable engineering codes and B&V policies. Provides technical guidance to others regarding projects and disciplines.</li>
	<li>Independently applies knowledge and complies with B&V quality program relative to assigned tasks.  May be responsible for ensuring compliance with B&V quality program.  Provides related guidance and direction to others. Supports continuous improvement and change management efforts.</li>
	<li>Prepares a variety of complex engineering deliverables for larger or multiple projects.  Performs complex research and develops recommendations for equipment and/or materials selection. May oversee collection, assimilation, and management of data for engineering work.  Prepares complex engineering calculations following standard methods and principles.  Manages assigned budget, schedule, and quality requirements. Independently applies advanced engineering techniques and analysis problems and methods. Actively delegates appropriate tasks to lower level team members to develop depth of project execution staff. Reviews lower level engineering work or assignments. Is responsible for one or more of the following:  leading production teams; coordinating multiple discipline activity; and serving as the responsible charge for a project.</li>
	<li>Actively coordinates with all other internal/external team members on moderately complex projects.</li>
	<li>Responsible for assisting with identification of key client interests and drivers on low to moderately complex projects. Communicates client interests and drivers to project team members and develops approaches to accommodate these concerns in the performance of the work on low to moderately complex projects. Provides support to business development or pursuit activities and may offer other services to clients.</li>
	<li>Recognized as a technical specialist and has knowledge and skill set to provide consultation and guidance to project teams in a particular practice area. May design a complete project of moderately complex scope or support multiple projects on the complex technical challenges. Actively fosters knowledge management and provides mentoring. May develop and apply advanced engineering concepts and approaches to unique engineering problems</li>
	<li>Typically assists with performance management process, mentoring, recognition, and any corrective actions required. May participate in career planning, and learning and development.  Actively mentors lower level professionals and identifies successors to train in the specifics of their role.</li>
	<li>May assist with resource management strategy. May have responsibility of engineering resources for small groups of a single discipline. </li>
</ul>

<p> </p>

<p>May be accountable for some administrative responsibilities that include but arent limited to:</p>

<ul>
	<li>Ensuring policies, procedures and processes are effectively implemented and communicated for work group.</li>
	<li>Ensuring adherence to corporate and division programs.</li>
	<li>Approving timesheets and expense reports.</li>
</ul> </div> </div> <div> <div> <b>Management Responsibilities</b> </div> <div> </div> </div> <div> <div> <b>Preferred Qualifications</b> </div> <div> </div> </div> <div> <div> <b>Minimum Qualifications</b> </div> <div>Requires a bachelors degree in engineering from either a recognized accredited program in their home country or the country in which the professional is practicing.
Minimum of 5 years related work experience.</div> </div> <div> <div> <b>Certifications</b> </div> <div> </div> </div> <div> <div> <b>Work Environment/Physical Demands</b> </div> <div> </div> </div> <div> <div> <b>Competencies</b> </div> <div> </div> </div> <div> <div> <b>Salary Plan</b> </div> <div> <div>ENG: Engineering</div> </div> </div> <div> <div> <b>Job Grade</b> </div> <div> <div>016</div> </div> </div> </div> <p> </p>
<p>BVH, Inc., its subsidiaries and its affiliated companies, complies with all Equal Employment Opportunity (EEO) affirmative action laws and regulations. Black & Veatch does not discriminate on the basis of age, race, religion, color, sex, national origin, marital status, genetic information, sexual orientation, gender Identity and expression, disability, veteran status, pregnancy status or other status protected by law.</p>
<p> </p>
<p>Black & Veatch is committed to being an employer of choice by creating a valuable work experience that keeps our people engaged, productive, safe and healthy. We offer professionals an array of health and welfare benefits that vary based on their geographic region and employment status. This may include health, life accident and disability insurances, paid time off, financial programs and more. Professionals may also be eligible for a performance-based bonus program.</p>
<p> </p>
<p>By valuing diverse voices and perspectives, we cultivate an authentically inclusive environment for professionals and are able to provide innovative and effective solutions for clients.</p>",0.0,0.0,5.0,10.0
Urgent Opening - Sales Manager - HL & Lap - Jaipur,250925029414,INR,8 Days Ago,Voice HR,"Home Loans,Housing Finance,Loan Against Property,Housing Loan,HL,Secured Loan,Lap Loans,Mortgage Loans",1-6 Yrs,2-4 Lacs PA,Jaipur,748863,,,"Hii

We are hiring for Sales Manager - HL & LAP  with leading NBFCs

Product : HL & Lap (Affordable)
Location: Jaipur
CTC: Can be discuss
Exp  must HL & LAP


Email : neha.prasad@voicehr.in
Call : 8448774133",200000.0,400000.0,1.0,6.0
.NET Software Developer @ Infosys-Pan India(N),110625024620,INR,Just Now,Infosys,".Net,C#,Dotnet Development,.Net Core,ASP.Net,Asp.Net Core,Core,Software",3-8 Yrs,Not disclosed,"Hybrid - Bengaluru, Delhi / NCR, Mumbai (All Areas)",410527,44792.0,3.5," Educational Requirements Master Of Engineering,MCA,MSc,MTech,Bachelor of Engineering,Bachelor Of Technology,BCA,BSc <br><br>Preferred Skills: Technology->Microsoft Technologies->.NET Frameworks",0.0,0.0,3.0,8.0
Systems Engineer Global IT Operations Center,250925507265,INR,8 Days Ago,Lixil Asia,"chinese,spanish,german,japanese,operations,networking,jira,system engineering",1-4 Yrs,Not disclosed,Gurugram,124869569,233.0,3.9,"<br /> Systems Engineer<br /> Responsibilities<br /> Continuously monitor system alarms from all kinds of IT Services such as Network, Server, Cloud etc in LIXIL<br /> Respond to critical and major system alarms on a 24x7 basis<br /> Follow documented processes and procedures to resolve common issues related to software, hardware, and networks<br /> Escalate complex or unresolved issues to Tier 2 or Tier 3 support as needed<br /> Maintain accurate and detailed records of user interactions and troubleshooting steps in the ticketing system<br /> Provide monitoring and KPI reports regularly and upon request<br /> Ensure adherence to SLAs (Service Level Agreements) and other performance metrics<br /> Participate in training and development to stay updated on new technologies and procedures<br /> Collaborate with other Digital team members to ensure seamless support operations<br /> Set up and maintain alarm monitoring tools and KPI dashboard under the supervision of senior engineers<br /> Handle and solve IT incidents related to IT Services such as Network, Server, Cloud etc by referring SOPs or KEDB (Know Error Database)<br /> Handle and solve IT tasks related to IT Services such as Network, Server, Cloud etc by referring SOPs or KEDB (Know Error Database)<br /> Graduation or equivalent; a degree in Information Technology or a related field is a plus<br /> Requirements<br /> Graduation or equivalent; a degree in Information Technology or a related field is a plus<br /> Shift working required and mandatory; 6 days a week on a rotational basis<br /> Role may require flexibility, including working different hours, weekends, or holidays, to provide global support coverage<br /> Experience in customer service or technical support role<br /> Excellent communication skills, ability to explain technical concepts to non-technical users<br /> Strong problem-solving skills and the ability to follow documented procedures<br /> Basic understanding of computer systems, networks, and software applications<br /> Ability to manage multiple tasks simultaneously<br /> Familiarity with ticketing systems, preferably Jira, is an advantage<br /> Willingness to work some shifts and weekends if necessary<br /> Nice to have specialty is any of the languages (Japanese, German, Spanish and Chinese)<br /> Qualifications<br /> Experience in a multi-tiered support environment<br /> IT certifications (e-g<br /> CompTIA A+, ITIL Foundation) are a plus<br /> Minimum 13 years of Working experience / Freshers also<br />",0.0,0.0,1.0,4.0
Public Relation Specialist || Financial Sector,230925027232,INR,10 Days Ago,Profex Tech,"Crisis Communications,Public Relations,Event Coordination,Pr Strategy,Corporate Communication,Press Releases & Media Pitches,PR,Media Relations",2-6 Yrs,8-13 Lacs PA,"Pune, Bengaluru, Mumbai (All Areas)",124498676,4.0,3.6,"Bachelors or Masters degree in Mass Communication,Public Relations,Marketing,Journalism,or related field<br><br>Experience in crisis communication,reputation management,and messaging alignment<br><br>Preferred candidate profile <br><br>Demonstrated experience in planning and executing strategic PR campaigns",800000.0,1300000.0,2.0,6.0
Internship | Document Verification | Gurugram,11025012699,INR,2 Days Ago,Deloitte Consulting,"Background Verification,Backend Process,Document Verification,Backend Operations,Non Voice,Document Checking,Documents,Checking",0 Yrs,Not disclosed,"New Delhi, Gurugram, Delhi / NCR",68849,20917.0,3.7,nternship Hiring for Fresher 6 Months of Contract: . 5 Days working from office General Shift <br><br>Candidate should possess a Graduate degree <br><br>Candidate should be able to meet deadlines and handle volumes of work <br><br>Willingness to take ownership of work,0.0,0.0,0.0,0.0
Data Science Analyst,290925502958,INR,4 Days Ago,Avivys Consulting Services,"Data Science Analyst,Science,Data,Data analysis,Data Science",5-10 Yrs,Not disclosed,Pune,123577265,,,Bachelor <br><br> . Must <br><br> is . required<br><br> degree . required<br><br> experience <br><br> management . experience,0.0,0.0,5.0,10.0
Freshers - Associate - Insurance Operations,260925010201,INR,7 Days Ago,ALLIANZ SERVICES PRIVATE LIMITED,"good communication,freshers,Insurance,Insurance operations,Insurance Operation,Operations,Communication skills",0-1 Yrs,Not disclosed,Thiruvananthapuram,4781408,506.0,4.2,"Preferably any graduation<br><br>Skill Required: Neutral accent and good communication skill,Word,Excel and Outlook,Insurance Knowledge<br><br>Experience: 0 - 1 years.",0.0,0.0,0.0,1.0
Lead Business Execution Consultant - COO Functions Delivery,170925928547,INR,8 Days Ago,Wells Fargo,"Business Execution,Operational Management,Relationship Management,business operations,Strategic Planning,Consulting,Relationship,Management",5-10 Yrs,Not disclosed,Bengaluru,135571,7668.0,3.7,"Required Qualifications:  . 5+ years of Business Execution,Implementation,or Strategic Planning experience,or equivalent demonstrated through one or a combination of the following: work experience,training,military experience,education <br><br>Required to have 5+ years experience in strategy,planning or business operations,with last 2-3 years in roles with executive interaction",0.0,0.0,5.0,10.0
Sales Coordinator - Valasavakkam - Servo Stabilizer Manufacturer,290925001235,INR,4 Days Ago,Sanvi Business Solutions,"Sales,Coordination,Sales Coordination,Client Handling,Quotation,Follow Ups,UPS,Client",3-5 Yrs,2.5-3 Lacs PA,Chennai(Valasaravakkam),2098578,,,"Should act as a vital administrative and communication link, supporting the sales team by managing orders, processing documentation, maintaining customer databases, and coordinating schedules.Immediate joiners preferred.
Female Candidates preferred.
For more details reach us at 9176033506 / 9791033506",250000.0,300000.0,3.0,5.0
Senior Manager - Airline Cargo Operations,240925920114,INR,9 Days Ago,Gratitude India Manpower Consultants Pvt. Ltd.,"it services,freight forwarding,logistics,sales,cargo operations,logistics management,warehouse operations,warehouse management",12-20 Yrs,Not disclosed,Mumbai Suburban,4229094,,,Educational qualifications: Any Graduate or Postgraduate degree. <br><br>Minimum 12 years of experience in airline cargo operations or a related field<br><br>Experience in managing teams and supervising staff,0.0,0.0,12.0,20.0
Functional Consultant - L2,240925932180,INR,9 Days Ago,Wipro,"sap,business analysis,functional consultancy,material management,sap mm,project management,erp,gap analysis",8-10 Yrs,Not disclosed,Pune,1384,59857.0,3.7,Experience working with clients to understand their business requirements and developing solutions,0.0,0.0,8.0,10.0
Senior Data Engineer,230925929911,INR,10 Days Ago,Purview India Consulting And Services,"Airflow,SQL,Unix Linux,SCALA,Python,Pyspark,Java,Github",7-10 Yrs,Not disclosed,Hybrid - Pune,2941692,,,"As a key member of the technical team alongside Engineers,Data Analysts and Business analysts,you will be expected to define and contribute at a high-level to many aspects of our collaborative Agile development process: . Software design,Scala and Python - Spark development experience,automated testing of new and existing components in an Agile,DevOps and dynamic environment",0.0,0.0,7.0,10.0
AS400 Developer,290925903016,INR,4 Days Ago,IDESLABS PRIVATE LIMITED,"as400,clle,rpgle,rpg,presto,hive,c++,unit testing",4-9 Yrs,Not disclosed,Bengaluru,5003360,,,"Perform end-to-end unit testing,debug interactive and batch jobs,and ensure seamless functionality of applications<br><br> . Work with one or more change management tools such as Aldon,Turnover,or Thenon (preferred)",0.0,0.0,4.0,9.0
Hiring For international Voice Process || Customer Service,31025016473,INR,Few Hours Ago,Smart Vision Consultancy Services,"Inbound Customer Service,International Call Center,Voice Support,Inbound Voice Process,Customer Support,Fluent English,Inbound Calls,US Process",0-2 Yrs,2.5-4.5 Lacs PA,"Noida, Gurugram",6972399,,,"International Customer Service Voice Process
location: Gurgaon || Noida
Graduate fresher of exp both can apply
Salary 23k to 35k ctc
Should have fluent comm skills
immediate joiner
24/7 Shift
working days: 5

Call/WhatsApp us @ 9643085825 (HR Rohit)both side cab",250000.0,450000.0,0.0,2.0
SAP Yard logistics Professional,230925928879,INR,10 Days Ago,IDESLABS PRIVATE LIMITED,"SAP Yard logistics,Business Object Processing Framework,FSD Preparation,OData Services,Unit testing,BOPF,POWL Queries,ABAP",6-10 Yrs,Not disclosed,Mumbai,5003360,,,"Excellent Client Handling capability,good written / verbal communication Technologies: SAP YL<br><br>Good To have:  .",0.0,0.0,6.0,10.0
Chat Process / Email Process / Non voice / Freshers / BPO / Semi voice,200925007468,INR,Today,Obtenir Solutions,"bpo,freshers,graduates,non voice,International BPO,MNC,International Call Center,inbound",0-3 Yrs,3.5-5 Lacs PA,Bengaluru,3624352,,,"Client: MNC
Process: International Non-Voice Process
Exp: 0 to 2 Years

Role: Answer incoming calls and respond to customer emails/chats
Resolve customer issues efficiently and professionally


Interview: HR and Ops
Skills: good Comms


Thanks 
HRCab & Medical",350000.0,500000.0,0.0,3.0
"Data Architect - Manager , Senior manager",260925501438,INR,7 Days Ago,Vision Beyond Resources India Private Limited,"Pilot,Data analysis,Data modeling,Manager Technology,data governance,Data quality,Subject matter expertise,big data",21-25 Yrs,Not disclosed,Bengaluru,125122003,,,Assisting our clients to build the required capabilities for growth and innovation to sustain high performance,0.0,0.0,21.0,25.0
Opening For E commerce Process / international bpo Voice !!,300925025504,INR,3 Days Ago,The Job Factory,"Inbound Voice Process,Bpo Voice,International Voice,International Customer Service,International Call Center,customer service,customer care,Voice Process",0-5 Yrs,2.5-4.5 Lacs PA,Chennai(Kovilambakkam),1957300,,,We are seeking highly motivated and enthusiastic undergraduate or graduate freshers/ experience to join our team as International Process Associates<br><br>Undergraduate or graduate degree in any discipline. <br><br>Willingness to learn and adapt to new processes and technologies<br><br>Good communication skills (written and verbal).,250000.0,450000.0,0.0,5.0
Hil Test Engineer,250925909980,INR,8 Days Ago,IDESLABS PRIVATE LIMITED,"hil,ecu,can bus,python,autosar,simulink,c++,aspice",3-8 Yrs,Not disclosed,Bengaluru,5003360,,,"- Graduate / Post Graduate in Electronics / Electrical/Mechatronics / Instrumentation engineering<br><br> - should be able to imagine different testing scenarios and write test cases after understanding the system requirements<br><br> . - Should have worked on dSPACE SCALAXIO Simulators<br><br> - Good understanding of ECU communication protocols like CAN,FR and Ethernet",0.0,0.0,3.0,8.0
Camunda Developer,230925020577,INR,10 Days Ago,Valuelabs,"java,Camunda,Camunda Bpm,Business process management,Development",3-6 Yrs,25-30 Lacs PA,Remote,9335,2008.0,3.5,"# Preferred Qualifications - Camunda certification<br><br> Bachelors degree in Computer Science,Information Systems,or a related field. <br><br> Proficient understanding of code versioning tools,such as Git<br><br>Preferred candidate profile <br><br> 3+ years of experience in software development,with a focus on process automation",2500000.0,3000000.0,3.0,6.0
